mgra,sampled_households,sample_rate
1,300,1.0
2,10137,1.0
3,1231,1.0
4,144,1.0
6,13,1.0
8,126,1.0
9,13,1.0
11,4,1.0
12,128,1.0
13,16,1.0
14,86,1.0
15,206,1.0
16,260,1.0
17,1,1.0
18,28,1.0
19,74,1.0
20,481,1.0
21,59,1.0
22,66,1.0
23,5692,1.0
24,92,1.0
25,5,1.0
26,16,1.0
27,28,1.0
28,264,1.0
29,187,1.0
31,54,1.0
32,437,1.0
33,6,1.0
34,32,1.0
35,19,1.0
36,19,1.0
37,5319,1.0
38,14,1.0
40,20,1.0
41,212,1.0
42,95,1.0
43,239,1.0
44,92,1.0
45,3,1.0
46,200,1.0
47,333,1.0
49,35,1.0
50,15,1.0
52,104,1.0
53,151,1.0
54,16,1.0
55,1,1.0
56,48,1.0
57,95,1.0
58,54,1.0
59,121,1.0
60,290,1.0
61,39,1.0
62,424,1.0
63,32,1.0
64,134,1.0
65,58,1.0
66,8,1.0
67,19,1.0
68,3,1.0
69,184,1.0
70,22,1.0
71,35,1.0
72,276,1.0
73,47,1.0
74,295,1.0
75,121,1.0
76,145,1.0
77,185,1.0
80,289,1.0
84,1,1.0
85,555,1.0
86,198,1.0
87,33,1.0
88,31,1.0
90,62,1.0
91,359,1.0
92,117,1.0
93,3,1.0
94,105,1.0
95,332,1.0
96,195,1.0
97,37,1.0
98,477,1.0
99,214,1.0
100,122,1.0
101,360,1.0
102,167,1.0
103,2,1.0
105,205,1.0
106,519,1.0
107,84,1.0
109,33,1.0
112,196,1.0
114,192,1.0
116,430,1.0
118,890,1.0
119,11,1.0
120,10,1.0
123,224,1.0
124,376,1.0
125,626,1.0
126,222,1.0
127,1,1.0
128,33,1.0
129,201,1.0
130,251,1.0
132,140,1.0
133,292,1.0
135,311,1.0
136,16,1.0
137,327,1.0
139,23,1.0
141,90,1.0
142,122,1.0
147,5,1.0
148,59,1.0
149,1,1.0
150,30,1.0
151,13,1.0
154,520,1.0
155,849,1.0
156,28,1.0
157,132,1.0
158,864,1.0
159,89,1.0
162,57,1.0
164,487,1.0
166,75,1.0
167,3,1.0
168,142,1.0
169,214,1.0
171,544,1.0
172,529,1.0
173,90,1.0
174,1,1.0
175,516,1.0
177,328,1.0
178,53,1.0
179,391,1.0
180,73,1.0
181,1610,1.0
182,1,1.0
183,316,1.0
184,71,1.0
185,118,1.0
186,322,1.0
187,526,1.0
188,1180,1.0
189,13,1.0
190,830,1.0
191,71,1.0
193,358,1.0
194,900,1.0
195,457,1.0
196,415,1.0
197,26,1.0
198,132,1.0
199,58,1.0
200,329,1.0
201,678,1.0
202,424,1.0
203,401,1.0
204,464,1.0
205,2,1.0
206,1030,1.0
207,328,1.0
208,201,1.0
210,475,1.0
211,68,1.0
212,546,1.0
213,655,1.0
214,591,1.0
215,531,1.0
216,235,1.0
217,43,1.0
218,27,1.0
219,10,1.0
221,111,1.0
222,301,1.0
223,970,1.0
225,283,1.0
227,203,1.0
228,358,1.0
230,195,1.0
231,2,1.0
232,800,1.0
233,20,1.0
234,344,1.0
235,415,1.0
236,73,1.0
237,245,1.0
238,211,1.0
240,1060,1.0
241,162,1.0
243,36,1.0
244,452,1.0
245,1321,1.0
246,1232,1.0
247,629,1.0
250,796,1.0
251,257,1.0
252,17,1.0
255,402,1.0
258,435,1.0
259,7,1.0
262,535,1.0
270,37,1.0
272,1,1.0
274,1,1.0
276,43,1.0
278,510,1.0
279,3369,1.0
282,4656,1.0
285,236,1.0
287,3008,1.0
291,810,1.0
292,94,1.0
293,113,1.0
294,307,1.0
296,1774,1.0
298,969,1.0
299,87,1.0
300,140,1.0
301,292,1.0
302,1,1.0
305,240,1.0
306,1495,1.0
307,2208,1.0
308,642,1.0
309,440,1.0
310,616,1.0
311,374,1.0
312,458,1.0
313,778,1.0
314,12,1.0
315,104,1.0
316,14,1.0
317,45,1.0
318,129,1.0
320,226,1.0
321,353,1.0
322,313,1.0
323,1,1.0
325,185,1.0
326,33,1.0
327,176,1.0
329,444,1.0
330,119,1.0
331,694,1.0
332,351,1.0
333,35,1.0
334,220,1.0
335,270,1.0
336,74,1.0
340,1,1.0
341,136,1.0
344,367,1.0
345,733,1.0
346,94,1.0
347,320,1.0
348,1,1.0
349,875,1.0
353,1300,1.0
355,387,1.0
356,58,1.0
357,57,1.0
358,15,1.0
359,535,1.0
360,200,1.0
364,1,1.0
366,479,1.0
367,542,1.0
368,137,1.0
370,1253,1.0
372,774,1.0
374,186,1.0
377,34,1.0
378,106,1.0
380,1321,1.0
381,222,1.0
382,306,1.0
383,13,1.0
384,1191,1.0
385,62,1.0
386,1,1.0
387,599,1.0
388,42,1.0
389,176,1.0
391,113,1.0
392,304,1.0
394,329,1.0
395,872,1.0
396,28,1.0
398,716,1.0
400,1407,1.0
401,153,1.0
402,81,1.0
403,407,1.0
405,156,1.0
406,100,1.0
407,51,1.0
410,687,1.0
412,70,1.0
413,12,1.0
415,220,1.0
416,1325,1.0
417,680,1.0
418,1006,1.0
419,283,1.0
420,196,1.0
421,824,1.0
423,107,1.0
426,5,1.0
428,429,1.0
429,183,1.0
430,1677,1.0
431,1447,1.0
432,584,1.0
433,24,1.0
434,414,1.0
436,174,1.0
438,1214,1.0
439,921,1.0
440,3,1.0
442,409,1.0
443,918,1.0
445,789,1.0
447,900,1.0
448,951,1.0
449,2,1.0
450,64,1.0
452,483,1.0
453,130,1.0
455,1368,1.0
457,546,1.0
460,3,1.0
461,74,1.0
462,195,1.0
463,249,1.0
464,72,1.0
465,34,1.0
466,1193,1.0
467,287,1.0
468,370,1.0
469,144,1.0
470,142,1.0
471,1,1.0
472,1,1.0
473,693,1.0
474,297,1.0
475,260,1.0
476,191,1.0
478,83,1.0
479,528,1.0
480,354,1.0
481,3783,1.0
482,238,1.0
483,236,1.0
484,262,1.0
485,493,1.0
488,468,1.0
492,150,1.0
493,33,1.0
495,383,1.0
496,102,1.0
497,93,1.0
498,339,1.0
499,8,1.0
500,129,1.0
503,156,1.0
504,300,1.0
508,417,1.0
509,1,1.0
510,147,1.0
511,222,1.0
518,83,1.0
519,693,1.0
521,58,1.0
522,107,1.0
523,606,1.0
527,89,1.0
528,154,1.0
530,112,1.0
531,134,1.0
533,1,1.0
534,529,1.0
544,134,1.0
546,1,1.0
551,190,1.0
555,159,1.0
556,55,1.0
558,18,1.0
560,192,1.0
561,25,1.0
562,190,1.0
567,339,1.0
568,141,1.0
570,180,1.0
572,5377,1.0
573,349,1.0
577,99,1.0
579,28,1.0
581,3,1.0
582,25,1.0
583,304,1.0
584,9,1.0
586,23,1.0
587,2,1.0
588,189,1.0
589,89,1.0
590,95,1.0
591,152,1.0
592,1,1.0
594,5,1.0
595,9,1.0
596,97,1.0
598,254,1.0
599,145,1.0
600,169,1.0
601,437,1.0
602,45,1.0
604,116,1.0
605,2,1.0
607,282,1.0
608,184,1.0
609,18,1.0
611,257,1.0
612,2,1.0
613,164,1.0
614,139,1.0
617,157,1.0
618,2,1.0
621,446,1.0
625,2,1.0
626,264,1.0
627,189,1.0
629,29,1.0
633,388,1.0
634,1,1.0
637,270,1.0
639,229,1.0
641,210,1.0
642,360,1.0
643,77,1.0
645,69,1.0
646,195,1.0
647,413,1.0
648,195,1.0
650,89,1.0
651,250,1.0
652,429,1.0
653,221,1.0
654,4249,1.0
655,49,1.0
656,2924,1.0
657,523,1.0
658,371,1.0
659,67,1.0
660,117,1.0
661,136,1.0
663,1815,1.0
664,4746,1.0
665,3,1.0
666,220,1.0
668,263,1.0
670,18,1.0
673,30,1.0
674,139,1.0
675,612,1.0
676,396,1.0
677,296,1.0
681,895,1.0
682,225,1.0
683,103,1.0
684,197,1.0
685,8,1.0
686,402,1.0
687,242,1.0
688,475,1.0
690,510,1.0
693,1254,1.0
694,434,1.0
695,230,1.0
697,193,1.0
698,1068,1.0
699,596,1.0
701,616,1.0
705,81,1.0
706,941,1.0
708,347,1.0
709,278,1.0
711,50,1.0
712,1179,1.0
713,259,1.0
715,142,1.0
717,526,1.0
719,1,1.0
720,371,1.0
721,493,1.0
722,79,1.0
723,354,1.0
725,245,1.0
726,1,1.0
727,149,1.0
730,1134,1.0
733,140,1.0
734,15,1.0
739,2273,1.0
740,42,1.0
742,38,1.0
743,175,1.0
744,312,1.0
745,2,1.0
746,138,1.0
748,199,1.0
749,154,1.0
750,588,1.0
751,239,1.0
754,33,1.0
755,314,1.0
756,827,1.0
757,178,1.0
758,104,1.0
759,527,1.0
760,87,1.0
761,212,1.0
762,288,1.0
763,351,1.0
764,1106,1.0
765,251,1.0
766,177,1.0
768,465,1.0
770,259,1.0
773,651,1.0
774,662,1.0
775,311,1.0
776,312,1.0
777,795,1.0
778,549,1.0
779,1,1.0
780,141,1.0
781,990,1.0
782,353,1.0
783,209,1.0
784,117,1.0
785,216,1.0
787,98,1.0
788,2029,1.0
789,207,1.0
790,109,1.0
791,255,1.0
792,498,1.0
793,1,1.0
794,338,1.0
795,2167,1.0
796,1069,1.0
797,1261,1.0
798,424,1.0
799,239,1.0
801,183,1.0
803,802,1.0
805,1201,1.0
806,151,1.0
807,426,1.0
808,3,1.0
809,758,1.0
810,145,1.0
811,383,1.0
812,938,1.0
813,977,1.0
814,801,1.0
815,2,1.0
817,943,1.0
818,575,1.0
819,259,1.0
820,643,1.0
821,307,1.0
822,4,1.0
824,111,1.0
825,1016,1.0
826,1627,1.0
827,521,1.0
828,212,1.0
829,102,1.0
830,1200,1.0
831,290,1.0
832,711,1.0
833,725,1.0
834,334,1.0
835,569,1.0
836,661,1.0
839,140,1.0
840,434,1.0
841,239,1.0
842,1361,1.0
843,613,1.0
845,378,1.0
847,431,1.0
848,348,1.0
849,221,1.0
850,282,1.0
851,461,1.0
852,283,1.0
853,3,1.0
854,383,1.0
855,1094,1.0
856,645,1.0
857,40,1.0
858,1210,1.0
859,653,1.0
861,1130,1.0
862,475,1.0
863,204,1.0
864,702,1.0
865,1631,1.0
866,680,1.0
867,195,1.0
869,387,1.0
870,369,1.0
872,298,1.0
873,465,1.0
874,191,1.0
875,584,1.0
876,966,1.0
877,1344,1.0
878,489,1.0
879,338,1.0
880,1893,1.0
881,1169,1.0
882,999,1.0
883,40,1.0
884,302,1.0
885,7,1.0
886,511,1.0
887,1778,1.0
888,11,1.0
889,784,1.0
890,1181,1.0
891,941,1.0
892,334,1.0
893,51,1.0
895,232,1.0
896,271,1.0
897,1518,1.0
898,576,1.0
899,417,1.0
900,1,1.0
902,476,1.0
903,275,1.0
904,621,1.0
905,753,1.0
906,823,1.0
907,1,1.0
909,1016,1.0
910,60,1.0
911,289,1.0
912,1512,1.0
914,452,1.0
915,160,1.0
917,57,1.0
918,232,1.0
919,189,1.0
920,174,1.0
921,1501,1.0
922,812,1.0
923,1271,1.0
924,749,1.0
925,626,1.0
926,272,1.0
927,432,1.0
928,216,1.0
929,845,1.0
930,1457,1.0
931,724,1.0
932,561,1.0
933,531,1.0
934,937,1.0
935,559,1.0
937,534,1.0
938,367,1.0
939,1,1.0
940,518,1.0
942,665,1.0
943,367,1.0
944,23,1.0
945,368,1.0
946,969,1.0
947,375,1.0
948,810,1.0
949,945,1.0
950,214,1.0
951,451,1.0
952,1004,1.0
953,697,1.0
955,1269,1.0
956,42,1.0
957,494,1.0
958,655,1.0
959,311,1.0
961,441,1.0
962,172,1.0
963,433,1.0
965,1143,1.0
966,271,1.0
967,1159,1.0
968,481,1.0
969,301,1.0
971,636,1.0
972,1602,1.0
973,633,1.0
974,701,1.0
975,1075,1.0
976,952,1.0
977,44,1.0
978,287,1.0
979,9,1.0
980,371,1.0
982,753,1.0
983,1203,1.0
984,455,1.0
986,1193,1.0
987,1499,1.0
988,630,1.0
989,387,1.0
990,117,1.0
991,417,1.0
992,439,1.0
993,718,1.0
994,231,1.0
995,194,1.0
996,212,1.0
997,614,1.0
998,2,1.0
1000,111,1.0
1002,334,1.0
1003,1176,1.0
1004,129,1.0
1005,207,1.0
1006,1754,1.0
1007,160,1.0
1008,397,1.0
1009,472,1.0
1010,1313,1.0
1013,1651,1.0
1014,452,1.0
1015,705,1.0
1016,789,1.0
1017,299,1.0
1018,422,1.0
1019,224,1.0
1020,401,1.0
1021,1271,1.0
1022,90,1.0
1023,41,1.0
1024,25,1.0
1025,107,1.0
1026,292,1.0
1027,2021,1.0
1028,40,1.0
1029,291,1.0
1030,1558,1.0
1031,316,1.0
1032,271,1.0
1033,817,1.0
1035,343,1.0
1036,845,1.0
1037,505,1.0
1038,834,1.0
1039,225,1.0
1040,580,1.0
1041,759,1.0
1042,858,1.0
1043,909,1.0
1044,408,1.0
1045,96,1.0
1046,1845,1.0
1047,1045,1.0
1048,42,1.0
1049,2172,1.0
1050,656,1.0
1051,258,1.0
1052,662,1.0
1053,361,1.0
1054,376,1.0
1055,666,1.0
1056,500,1.0
1057,1970,1.0
1058,337,1.0
1060,1248,1.0
1061,336,1.0
1062,241,1.0
1063,634,1.0
1064,364,1.0
1065,525,1.0
1066,359,1.0
1068,509,1.0
1069,973,1.0
1070,961,1.0
1071,664,1.0
1072,1536,1.0
1073,861,1.0
1074,1849,1.0
1075,785,1.0
1076,1710,1.0
1077,360,1.0
1078,1514,1.0
1079,736,1.0
1080,436,1.0
1081,1441,1.0
1082,526,1.0
1083,1886,1.0
1084,178,1.0
1085,518,1.0
1086,808,1.0
1089,401,1.0
1090,1262,1.0
1091,409,1.0
1092,267,1.0
1093,109,1.0
1094,793,1.0
1095,1339,1.0
1096,1480,1.0
1097,777,1.0
1098,719,1.0
1099,1266,1.0
1100,603,1.0
1101,107,1.0
1102,6,1.0
1103,749,1.0
1104,503,1.0
1105,803,1.0
1106,519,1.0
1107,239,1.0
1109,1021,1.0
1110,850,1.0
1111,426,1.0
1112,415,1.0
1113,746,1.0
1114,1608,1.0
1115,606,1.0
1116,265,1.0
1117,1489,1.0
1118,272,1.0
1119,1818,1.0
1120,382,1.0
1121,132,1.0
1122,437,1.0
1123,988,1.0
1124,94,1.0
1125,737,1.0
1126,1159,1.0
1127,210,1.0
1128,1089,1.0
1129,356,1.0
1130,20,1.0
1131,657,1.0
1132,641,1.0
1133,179,1.0
1134,1262,1.0
1135,205,1.0
1136,415,1.0
1137,758,1.0
1138,612,1.0
1139,401,1.0
1140,748,1.0
1141,308,1.0
1142,447,1.0
1143,2014,1.0
1144,168,1.0
1145,1613,1.0
1146,930,1.0
1147,223,1.0
1148,786,1.0
1149,642,1.0
1150,253,1.0
1151,411,1.0
1152,2190,1.0
1153,1044,1.0
1154,498,1.0
1155,1734,1.0
1156,456,1.0
1157,1303,1.0
1158,2240,1.0
1159,506,1.0
1160,854,1.0
1161,297,1.0
1162,211,1.0
1163,83,1.0
1164,1582,1.0
1165,534,1.0
1166,2997,1.0
1167,768,1.0
1168,1,1.0
1169,129,1.0
1170,380,1.0
1171,779,1.0
1172,8,1.0
1173,391,1.0
1174,1398,1.0
1175,1330,1.0
1176,2343,1.0
1177,458,1.0
1178,571,1.0
1179,1492,1.0
1181,425,1.0
1182,78,1.0
1183,1044,1.0
1184,41,1.0
1185,375,1.0
1186,1169,1.0
1188,608,1.0
1189,789,1.0
1190,281,1.0
1191,282,1.0
1192,593,1.0
1194,236,1.0
1195,675,1.0
1196,645,1.0
1198,1440,1.0
1199,376,1.0
1200,1,1.0
1201,1397,1.0
1202,5,1.0
1203,1151,1.0
1204,235,1.0
1205,208,1.0
1206,1855,1.0
1208,580,1.0
1209,401,1.0
1210,804,1.0
1211,407,1.0
1212,801,1.0
1213,513,1.0
1214,542,1.0
1215,717,1.0
1216,1079,1.0
1217,863,1.0
1218,1581,1.0
1219,611,1.0
1220,221,1.0
1221,294,1.0
1222,409,1.0
1223,283,1.0
1224,654,1.0
1225,3,1.0
1226,342,1.0
1227,1342,1.0
1228,446,1.0
1229,671,1.0
1230,834,1.0
1231,2823,1.0
1232,1612,1.0
1233,661,1.0
1234,1439,1.0
1236,475,1.0
1237,443,1.0
1238,540,1.0
1239,832,1.0
1240,277,1.0
1241,1273,1.0
1242,1307,1.0
1243,147,1.0
1244,507,1.0
1245,309,1.0
1246,7,1.0
1247,2348,1.0
1248,358,1.0
1249,183,1.0
1250,1307,1.0
1251,824,1.0
1252,257,1.0
1253,451,1.0
1254,49,1.0
1256,1560,1.0
1257,1003,1.0
1259,1797,1.0
1260,1560,1.0
1261,578,1.0
1262,894,1.0
1263,384,1.0
1264,262,1.0
1265,739,1.0
1266,586,1.0
1267,334,1.0
1268,485,1.0
1269,789,1.0
1270,1289,1.0
1271,504,1.0
1272,302,1.0
1273,293,1.0
1274,862,1.0
1275,1181,1.0
1276,2360,1.0
1277,1441,1.0
1278,3151,1.0
1279,609,1.0
1280,601,1.0
1281,2480,1.0
1282,346,1.0
1283,604,1.0
1284,1609,1.0
1285,200,1.0
1286,803,1.0
1287,1166,1.0
1288,1062,1.0
1289,3338,1.0
1290,59,1.0
1291,199,1.0
1292,471,1.0
1293,985,1.0
1295,1389,1.0
1296,516,1.0
1297,2,1.0
1298,178,1.0
1299,712,1.0
1302,825,1.0
1303,599,1.0
1304,812,1.0
1305,1093,1.0
1306,508,1.0
1307,1158,1.0
1308,1282,1.0
1309,944,1.0
1310,193,1.0
1311,31,1.0
1312,1441,1.0
1313,68,1.0
1315,866,1.0
1316,1482,1.0
1317,467,1.0
1318,1017,1.0
1319,706,1.0
1320,809,1.0
1321,2055,1.0
1322,404,1.0
1323,759,1.0
1324,951,1.0
1325,759,1.0
1326,252,1.0
1327,462,1.0
1328,296,1.0
1329,1323,1.0
1330,887,1.0
1331,1805,1.0
1332,1,1.0
1333,2158,1.0
1334,1035,1.0
1335,944,1.0
1336,22,1.0
1337,444,1.0
1338,789,1.0
1339,272,1.0
1340,1350,1.0
1341,456,1.0
1342,888,1.0
1343,1154,1.0
1344,572,1.0
1345,114,1.0
1346,1051,1.0
1347,477,1.0
1348,1685,1.0
1349,13,1.0
1350,1233,1.0
1351,1132,1.0
1352,169,1.0
1353,411,1.0
1354,644,1.0
1355,29,1.0
1356,1447,1.0
1357,2482,1.0
1358,1043,1.0
1359,1309,1.0
1360,872,1.0
1361,652,1.0
1362,396,1.0
1363,1219,1.0
1364,1824,1.0
1365,622,1.0
1366,46,1.0
1367,564,1.0
1368,1779,1.0
1369,1515,1.0
1370,1062,1.0
1371,1290,1.0
1372,619,1.0
1373,977,1.0
1374,2154,1.0
1375,2,1.0
1376,1982,1.0
1377,4,1.0
1378,1577,1.0
1379,528,1.0
1380,1048,1.0
1381,1341,1.0
1382,1463,1.0
1384,573,1.0
1385,399,1.0
1386,395,1.0
1387,1559,1.0
1388,1205,1.0
1389,855,1.0
1390,484,1.0
1391,376,1.0
1392,620,1.0
1393,227,1.0
1394,531,1.0
1395,283,1.0
1396,1703,1.0
1397,468,1.0
1398,1602,1.0
1399,1069,1.0
1400,2788,1.0
1401,3060,1.0
1402,539,1.0
1403,423,1.0
1404,797,1.0
1405,865,1.0
1406,908,1.0
1407,3145,1.0
1408,212,1.0
1409,129,1.0
1410,1531,1.0
1411,1,1.0
1412,1324,1.0
1413,806,1.0
1414,327,1.0
1415,2393,1.0
1416,1457,1.0
1417,921,1.0
1418,761,1.0
1419,340,1.0
1420,201,1.0
1421,773,1.0
1422,566,1.0
1423,1388,1.0
1424,1,1.0
1425,669,1.0
1426,1364,1.0
1427,622,1.0
1428,433,1.0
1429,873,1.0
1430,261,1.0
1431,1127,1.0
1432,851,1.0
1433,1372,1.0
1434,3398,1.0
1435,2388,1.0
1436,448,1.0
1437,1610,1.0
1438,55,1.0
1439,309,1.0
1440,907,1.0
1441,1772,1.0
1442,1647,1.0
1443,1313,1.0
1444,362,1.0
1445,1170,1.0
1446,1479,1.0
1447,873,1.0
1448,621,1.0
1449,1800,1.0
1450,1161,1.0
1451,487,1.0
1452,101,1.0
1453,173,1.0
1454,239,1.0
1455,228,1.0
1456,612,1.0
1457,1976,1.0
1458,1062,1.0
1459,1143,1.0
1460,734,1.0
1461,1393,1.0
1462,201,1.0
1463,1,1.0
1464,1349,1.0
1465,2132,1.0
1466,310,1.0
1467,233,1.0
1468,2147,1.0
1469,15,1.0
1470,246,1.0
1471,562,1.0
1472,174,1.0
1473,251,1.0
1474,358,1.0
1475,930,1.0
1476,106,1.0
1477,2189,1.0
1479,363,1.0
1480,36,1.0
1481,206,1.0
1482,682,1.0
1483,259,1.0
1484,1632,1.0
1485,1289,1.0
1486,441,1.0
1487,599,1.0
1491,1565,1.0
1492,60,1.0
1493,1682,1.0
1494,1038,1.0
1495,360,1.0
1496,878,1.0
1497,293,1.0
1498,1166,1.0
1499,1101,1.0
1500,827,1.0
1501,611,1.0
1502,571,1.0
1503,2,1.0
1504,353,1.0
1505,267,1.0
1506,904,1.0
1507,1381,1.0
1508,3377,1.0
1509,1226,1.0
1510,922,1.0
1511,381,1.0
1512,218,1.0
1513,1418,1.0
1514,1340,1.0
1515,54,1.0
1516,207,1.0
1517,497,1.0
1518,1007,1.0
1519,265,1.0
1520,1096,1.0
1521,4696,1.0
1523,312,1.0
1524,1076,1.0
1525,1046,1.0
1526,361,1.0
1527,652,1.0
1528,2004,1.0
1530,1601,1.0
1531,535,1.0
1532,566,1.0
1533,1,1.0
1534,4230,1.0
1535,2122,1.0
1536,434,1.0
1537,721,1.0
1538,7,1.0
1539,790,1.0
1540,1043,1.0
1541,1830,1.0
1542,2951,1.0
1543,1102,1.0
1544,3485,1.0
1545,2033,1.0
1546,1201,1.0
1547,1020,1.0
1548,1303,1.0
1549,585,1.0
1550,1051,1.0
1551,721,1.0
1553,732,1.0
1554,3962,1.0
1555,2407,1.0
1556,2,1.0
1557,938,1.0
1558,467,1.0
1560,291,1.0
1561,1105,1.0
1562,601,1.0
1563,189,1.0
1564,341,1.0
1565,2356,1.0
1567,531,1.0
1568,1381,1.0
1569,498,1.0
1570,2348,1.0
1571,603,1.0
1573,1392,1.0
1574,1007,1.0
1576,559,1.0
1579,229,1.0
1580,1269,1.0
1581,3193,1.0
1582,1313,1.0
1583,2195,1.0
1584,419,1.0
1585,2002,1.0
1586,686,1.0
1587,2,1.0
1588,1213,1.0
1589,1331,1.0
1591,1362,1.0
1592,1,1.0
1593,171,1.0
1594,163,1.0
1595,1155,1.0
1596,969,1.0
1597,28,1.0
1598,642,1.0
1599,1664,1.0
1600,66,1.0
1601,775,1.0
1602,47,1.0
1603,447,1.0
1604,320,1.0
1605,852,1.0
1606,26,1.0
1607,1121,1.0
1608,743,1.0
1609,1049,1.0
1610,2592,1.0
1611,654,1.0
1612,1845,1.0
1613,1405,1.0
1614,699,1.0
1615,15,1.0
1616,1164,1.0
1617,317,1.0
1618,1620,1.0
1619,743,1.0
1620,1173,1.0
1621,218,1.0
1622,1486,1.0
1623,515,1.0
1624,976,1.0
1625,708,1.0
1626,1288,1.0
1627,1602,1.0
1628,2309,1.0
1629,649,1.0
1630,111,1.0
1631,551,1.0
1632,897,1.0
1633,2633,1.0
1634,940,1.0
1635,825,1.0
1636,24,1.0
1637,1459,1.0
1638,534,1.0
1639,1133,1.0
1640,826,1.0
1641,683,1.0
1642,2285,1.0
1643,1043,1.0
1644,328,1.0
1645,1703,1.0
1646,1551,1.0
1647,1499,1.0
1648,690,1.0
1649,2464,1.0
1650,2099,1.0
1651,781,1.0
1652,1454,1.0
1653,464,1.0
1654,540,1.0
1655,791,1.0
1656,386,1.0
1657,647,1.0
1658,1878,1.0
1659,2312,1.0
1660,494,1.0
1661,636,1.0
1662,331,1.0
1663,1327,1.0
1664,1476,1.0
1665,2990,1.0
1666,1311,1.0
1667,1054,1.0
1668,815,1.0
1670,419,1.0
1671,619,1.0
1672,2404,1.0
1674,1309,1.0
1675,1160,1.0
1676,566,1.0
1677,3,1.0
1678,1984,1.0
1679,173,1.0
1680,45,1.0
1681,728,1.0
1682,813,1.0
1683,338,1.0
1684,916,1.0
1685,220,1.0
1686,1368,1.0
1687,953,1.0
1688,1410,1.0
1689,523,1.0
1690,254,1.0
1693,1412,1.0
1694,279,1.0
1696,1243,1.0
1697,471,1.0
1698,337,1.0
1700,2581,1.0
1701,1014,1.0
1702,967,1.0
1703,358,1.0
1704,411,1.0
1705,647,1.0
1706,818,1.0
1707,1254,1.0
1708,1559,1.0
1709,414,1.0
1710,1778,1.0
1711,463,1.0
1712,451,1.0
1713,1529,1.0
1714,116,1.0
1715,856,1.0
1716,122,1.0
1717,1305,1.0
1718,191,1.0
1719,346,1.0
1720,1666,1.0
1721,627,1.0
1722,90,1.0
1723,1987,1.0
1724,700,1.0
1725,236,1.0
1726,620,1.0
1727,1839,1.0
1728,9,1.0
1729,1838,1.0
1730,657,1.0
1731,864,1.0
1732,296,1.0
1733,1177,1.0
1734,550,1.0
1735,2260,1.0
1736,87,1.0
1737,4295,1.0
1738,21,1.0
1739,694,1.0
1740,436,1.0
1741,1266,1.0
1742,3071,1.0
1743,322,1.0
1744,137,1.0
1745,2096,1.0
1746,510,1.0
1747,1157,1.0
1748,1887,1.0
1750,767,1.0
1751,1658,1.0
1752,1494,1.0
1753,669,1.0
1754,1041,1.0
1755,880,1.0
1756,932,1.0
1757,1495,1.0
1759,271,1.0
1760,232,1.0
1761,1727,1.0
1762,722,1.0
1763,1818,1.0
1764,844,1.0
1766,997,1.0
1767,1164,1.0
1768,779,1.0
1769,1307,1.0
1770,97,1.0
1771,671,1.0
1773,1229,1.0
1774,1672,1.0
1776,844,1.0
1777,477,1.0
1778,3172,1.0
1779,771,1.0
1780,1003,1.0
1781,2589,1.0
1782,62,1.0
1783,1,1.0
1784,355,1.0
1785,564,1.0
1786,770,1.0
1787,1247,1.0
1788,452,1.0
1789,1829,1.0
1790,189,1.0
1791,1039,1.0
1792,610,1.0
1793,754,1.0
1794,246,1.0
1795,363,1.0
1796,2036,1.0
1797,576,1.0
1798,826,1.0
1799,154,1.0
1800,375,1.0
1801,1283,1.0
1802,263,1.0
1803,1989,1.0
1805,754,1.0
1806,1571,1.0
1807,951,1.0
1808,561,1.0
1809,940,1.0
1810,1548,1.0
1811,1240,1.0
1812,979,1.0
1813,475,1.0
1815,2,1.0
1816,1696,1.0
1817,773,1.0
1818,153,1.0
1819,749,1.0
1820,2816,1.0
1821,4299,1.0
1822,852,1.0
1823,2211,1.0
1825,589,1.0
1826,429,1.0
1827,3,1.0
1828,474,1.0
1829,1673,1.0
1830,1533,1.0
1831,847,1.0
1832,191,1.0
1833,621,1.0
1834,1705,1.0
1835,1331,1.0
1836,344,1.0
1838,488,1.0
1839,1481,1.0
1840,982,1.0
1841,500,1.0
1842,35,1.0
1843,958,1.0
1844,75,1.0
1845,1670,1.0
1846,15,1.0
1847,40,1.0
1848,1513,1.0
1849,1276,1.0
1850,2378,1.0
1851,1029,1.0
1852,1339,1.0
1853,686,1.0
1854,470,1.0
1855,368,1.0
1856,154,1.0
1858,1,1.0
1860,49,1.0
1861,26,1.0
1862,890,1.0
1863,2572,1.0
1864,1130,1.0
1865,632,1.0
1866,1388,1.0
1867,2069,1.0
1868,1250,1.0
1870,5130,1.0
1871,1083,1.0
1873,1127,1.0
1874,1003,1.0
1875,691,1.0
1876,1435,1.0
1877,976,1.0
1879,1037,1.0
1880,1506,1.0
1881,103,1.0
1882,1994,1.0
1883,1051,1.0
1884,1954,1.0
1885,689,1.0
1886,2212,1.0
1888,460,1.0
1889,1469,1.0
1890,267,1.0
1891,688,1.0
1892,397,1.0
1893,1155,1.0
1894,991,1.0
1895,2,1.0
1896,989,1.0
1897,139,1.0
1898,1021,1.0
1899,1490,1.0
1900,841,1.0
1902,2064,1.0
1903,490,1.0
1904,965,1.0
1905,668,1.0
1906,3151,1.0
1907,2906,1.0
1908,253,1.0
1909,2508,1.0
1910,490,1.0
1911,610,1.0
1912,608,1.0
1913,894,1.0
1914,169,1.0
1915,1164,1.0
1916,1408,1.0
1917,2169,1.0
1918,2614,1.0
1919,2131,1.0
1920,799,1.0
1921,426,1.0
1922,1190,1.0
1924,3008,1.0
1925,2804,1.0
1926,298,1.0
1927,1015,1.0
1928,176,1.0
1929,288,1.0
1930,851,1.0
1931,12,1.0
1932,1716,1.0
1933,651,1.0
1934,745,1.0
1935,2270,1.0
1936,2182,1.0
1937,5,1.0
1938,1287,1.0
1939,581,1.0
1940,331,1.0
1941,1197,1.0
1942,151,1.0
1943,546,1.0
1944,458,1.0
1946,2939,1.0
1947,2755,1.0
1948,1978,1.0
1949,1963,1.0
1950,2727,1.0
1951,1313,1.0
1952,709,1.0
1953,1711,1.0
1954,453,1.0
1955,987,1.0
1956,1448,1.0
1957,2868,1.0
1958,800,1.0
1959,208,1.0
1960,850,1.0
1961,1986,1.0
1962,1069,1.0
1963,2599,1.0
1964,4136,1.0
1965,4,1.0
1967,2561,1.0
1968,921,1.0
1969,1709,1.0
1970,1825,1.0
1971,2098,1.0
1972,1635,1.0
1973,901,1.0
1974,66,1.0
1975,1176,1.0
1976,189,1.0
1977,527,1.0
1978,1617,1.0
1979,395,1.0
1980,757,1.0
1981,16,1.0
1982,150,1.0
1983,13,1.0
1984,185,1.0
1985,961,1.0
1986,2082,1.0
1987,895,1.0
1988,1660,1.0
1989,71,1.0
1990,2506,1.0
1991,3055,1.0
1992,52,1.0
1993,686,1.0
1994,301,1.0
1995,1009,1.0
1996,1268,1.0
1998,2978,1.0
1999,2080,1.0
2000,1021,1.0
