homeMGRA,household_numbers
1,4
2,2
3,3
4,1
5,2
7,3
8,1
9,3
10,1
11,2
12,3
14,5
16,4
17,1
18,5
20,9
21,1
22,1
23,3
25,1
26,1
27,4
28,1
29,4
30,1
34,3
35,2
37,2
38,2
39,2
40,1
41,1
42,1
43,2
44,2
46,1
47,2
48,1
49,2
50,3
52,1
53,1
54,2
58,3
59,1
60,1
61,1
62,2
63,3
64,10
65,2
66,1
67,11
68,1
69,5
70,2
71,3
73,2
74,6
75,14
76,5
77,6
78,6
79,1
80,2
81,1
83,5
84,3
85,8
87,2
89,1
90,4
91,30
93,10
96,1
97,4
98,2
100,3
101,5
102,1
103,1
104,1
105,3
108,1
112,1
114,1
116,4
117,2
118,3
119,1
120,1
121,3
123,1
124,2
125,1
126,1
127,1
128,4
129,2
130,2
131,4
132,1
133,3
134,3
135,1
136,4
137,1
139,2
141,1
146,6
147,6
148,12
149,4
150,9
151,5
152,3
153,2
154,5
155,4
156,3
157,7
159,10
160,13
161,7
162,1
163,2
165,5
166,31
167,15
168,2
169,20
170,2
171,11
172,5
173,4
174,3
177,17
178,20
179,8
180,19
181,1
182,7
183,7
185,3
186,7
188,16
190,13
191,6
192,4
194,89
195,11
196,15
198,9
199,13
200,28
201,9
202,4
205,15
206,3
207,9
208,15
209,36
210,2
211,7
213,1
214,2
215,3
216,1
217,3
220,1
221,3
222,3
223,3
224,3
225,5
226,4
227,7
228,21
229,9
230,8
232,16
233,11
234,8
235,38
236,7
237,6
238,25
239,15
240,52
241,39
242,21
243,7
244,1
245,13
246,7
247,5
248,17
249,24
250,51
251,11
253,3
254,9
255,11
257,2
259,3
260,9
261,3
262,10
263,9
264,1
265,2
266,9
267,3
268,1
269,8
270,30
272,15
273,1
274,23
275,4
279,5
280,29
281,35
282,17
283,31
284,4
285,3
286,24
287,8
288,61
289,32
290,1
291,12
292,6
293,9
294,23
295,7
296,15
297,3
298,4
299,1
300,2
302,3
303,42
304,7
305,16
306,29
307,11
308,10
309,3
310,30
311,65
312,42
313,7
314,6
315,3
316,50
317,37
318,84
319,122
320,65
321,67
322,8
324,79
325,14
326,14
327,8
328,32
329,26
330,33
331,16
332,46
333,49
334,7
335,11
336,84
337,22
338,32
339,19
340,20
341,32
342,2
343,17
344,9
345,8
346,24
347,25
348,5
349,8
350,7
351,8
352,2
353,8
354,3
355,13
356,9
357,4
358,19
359,17
360,9
361,4
364,21
365,17
366,9
367,4
368,9
369,30
370,3
371,4
372,6
373,15
374,11
375,33
376,14
377,2
378,3
379,15
380,11
381,4
382,3
383,29
384,31
385,58
386,37
387,38
388,16
389,23
390,21
391,16
392,21
393,8
394,32
395,31
396,32
397,40
398,33
399,32
400,54
401,27
402,60
403,24
405,30
406,29
407,7
408,2
409,14
410,20
411,3
412,10
413,18
414,11
415,6
416,22
417,3
418,12
419,8
421,25
422,20
423,15
424,9
425,6
426,1
427,8
428,7
429,15
430,21
431,24
432,5
433,2
436,4
437,1
439,1
441,1
446,2
449,1
454,2
456,8
457,3
459,15
460,10
461,3
462,9
464,2
465,22
466,2
467,3
468,7
470,5
471,1
472,1
475,2
476,1
477,2
479,6
480,2
481,3
482,3
483,1
484,3
485,2
486,3
488,43
489,11
490,13
491,3
492,50
493,19
494,22
495,36
496,21
498,20
499,17
500,6
502,59
503,3
504,69
505,48
506,30
508,22
509,49
510,38
511,17
513,13
514,66
515,40
516,18
517,29
518,26
519,20
521,58
522,14
523,65
524,13
525,33
526,4
528,14
529,42
530,3
531,8
532,11
533,3
536,9
537,39
538,14
539,3
540,22
541,22
542,23
543,13
544,3
545,17
546,11
549,3
550,15
551,25
553,27
554,29
555,21
556,20
557,7
559,14
560,54
561,7
562,27
563,13
564,44
565,9
566,2
568,1
570,4
572,2
579,1
580,1
581,1
582,4
583,3
584,1
589,1
596,1
600,1
607,1
615,1
616,1
617,1
618,1
619,2
620,4
621,3
623,2
624,7
625,1
626,1
631,1
632,3
633,3
634,3
635,2
637,6
638,4
642,6
643,5
645,2
646,6
647,3
649,3
650,6
651,4
652,11
653,8
656,7
657,9
658,5
659,8
661,9
663,6
664,7
665,8
666,4
668,3
669,48
670,43
671,27
673,25
674,22
675,18
676,17
677,27
678,16
680,25
682,12
683,44
684,23
685,48
686,40
687,28
689,62
692,45
693,39
694,33
695,33
696,39
697,1
698,24
699,84
702,17
705,52
706,47
710,25
711,26
712,39
713,9
715,33
716,6
717,11
719,1
721,81
723,1
724,126
728,70
730,10
731,53
732,67
733,46
734,62
735,17
737,54
738,72
739,36
740,14
741,40
742,9
743,22
744,3
745,1
747,2
748,12
749,22
750,2
751,12
752,7
753,3
754,7
755,38
756,43
757,2
758,1
759,16
760,5
761,15
762,25
764,28
766,17
767,14
768,20
769,16
770,1
771,10
772,12
773,18
774,14
775,19
776,23
777,4
778,17
779,6
780,3
782,1
783,3
784,2
785,2
787,2
788,1
789,1
790,2
791,2
792,4
793,13
794,2
795,1
796,5
797,2
800,11
801,16
802,8
803,4
804,3
805,1
806,8
807,1
810,2
811,2
812,2
815,1
816,2
817,1
818,1
819,4
821,4
822,1
823,4
824,2
828,6
829,17
832,1
833,2
834,3
835,1
837,1
838,1
841,2
842,13
843,5
844,1
845,3
846,2
847,2
849,2
850,15
851,7
852,19
855,7
856,4
859,3
860,2
861,3
862,2
863,1
864,3
865,1
866,3
868,1
870,1
871,9
872,1
873,2
875,3
876,2
880,2
882,2
883,3
887,3
888,3
889,5
891,4
892,2
894,1
896,3
897,17
900,3
901,3
902,1
903,3
904,2
907,4
908,13
909,1
910,10
912,5
914,2
916,4
917,3
920,19
922,3
924,32
925,1
929,1
930,1
932,4
933,1
934,1
936,1
938,18
939,1
940,1
942,2
943,2
944,1
945,3
947,4
951,1
954,3
955,2
956,3
960,4
961,2
962,1
963,7
964,1
965,1
967,9
968,7
970,15
971,29
973,22
975,32
977,12
978,24
979,8
980,39
981,29
982,4
983,36
984,42
986,19
987,9
989,17
991,33
992,45
993,44
994,4
995,26
996,3
997,18
998,10
999,2
1000,4
1001,10
1002,22
1003,7
1004,17
1005,2
1007,14
1008,5
1009,10
1010,3
1011,1
1012,4
1014,5
1015,5
1016,8
1017,5
1019,3
1020,2
1021,1
1022,6
1023,9
1024,16
1025,7
1026,10
1027,1
1033,3
1034,12
1036,4
1037,2
1038,4
1039,3
1041,4
1042,1
1043,1
1044,15
1046,9
1047,2
1048,3
1049,1
1051,3
1054,1
1055,1
1058,30
1061,1
1062,1
1063,3
1065,133
1066,3
1068,1
1070,102
1071,17
1073,92
1076,182
1078,15
1079,7
1080,17
1081,11
1082,6
1083,1
1084,4
1086,2
1087,1
1088,1
1089,9
1090,16
1091,6
1092,4
1094,4
1095,3
1096,1
1097,1
1098,25
1099,1
1100,14
1101,1
1102,104
1103,3
1104,28
1111,1
1114,1
1117,1
1118,1
1119,2
1124,1
1126,6
1127,5
1128,2
1129,1
1132,7
1133,5
1135,5
1136,1
1137,2
1139,3
1140,4
1141,2
1142,1
1145,3
1147,1
1151,1
1152,1
1156,1
1158,10
1159,9
1163,1
1165,5
1166,1
1167,1
1171,1
1173,1
1174,1
1176,1
1182,4
1183,2
1184,1
1189,2
1190,2
1194,1
1195,1
1198,2
1199,5
1201,37
1202,2
1203,15
1205,110
1206,25
1208,1
1209,10
1213,540
1214,2
1215,1
1216,69
1218,3
1221,1
1222,10
1223,6
1225,19
1233,1
1234,3
1235,8
1236,5
1237,2
1238,3
1239,2
1240,1
1242,1
1244,2
1247,1
1248,4
1249,2
1250,6
1251,4
1252,1
1254,1
1255,4
1256,15
1259,2
1262,1
1263,2
1266,1
1268,1
1269,1
1270,2
1271,1
1273,1
1277,2
1278,5
1279,1
1281,1
1286,1
1295,2
1298,2
1304,1
1306,1
1308,2
1318,1
1321,4
1322,2
1323,1
1324,15
1326,7
1327,2
1331,9
1333,8
1334,2
1335,28
1336,9
1337,8
1339,2
1341,5
1342,9
1343,1
1344,4
1345,4
1346,2
1347,6
1348,4
1349,3
1350,2
1352,1
1353,6
1354,3
1355,7
1356,2
1357,4
1358,2
1359,2
1360,1
1361,2
1363,2
1364,1
1365,7
1368,2
1370,1
1371,5
1372,1
1373,7
1374,6
1375,2
1376,4
1377,4
1378,6
1379,5
1380,7
1381,5
1382,1
1383,5
1384,6
1385,1
1387,1
1389,1
1390,2
1391,1
1392,3
1393,1
1396,1
1399,1
1401,2
1406,1
1407,14
1410,3
1413,2
1414,1
1418,2
1420,2
1421,1
1422,2
1423,1
1424,2
1430,1
1433,1
1436,1
1438,3
1439,2
1440,1
1451,15
1452,10
1453,2
1454,1
1455,5
1456,5
1459,2
1460,9
1461,1
1463,4
1466,2
1469,1
1470,1
1472,5
1474,1
1475,1
1480,12
1484,3
1485,1
1486,1
1487,1
1489,1
1495,1
1499,1
1511,1
1530,3
1531,3
1532,43
1534,23
1536,4
1537,1
1538,3
1539,4
1540,3
1541,2
1542,1
1543,7
1544,1
1545,3
1546,3
1547,1
1548,4
1549,1
1550,3
1551,1
1553,6
1554,8
1555,4
1556,3
1557,3
1558,5
1559,1
1561,1
1562,1
1564,2
1567,2
1568,3
1569,1
1571,1
1572,1
1573,1
1577,10
1578,7
1580,1
1581,1
1585,1
1590,1
1591,1
1593,2
1595,1
1596,1
1597,1
1602,1
1610,1
1612,1
1613,1
1615,1
1617,1
1618,1
1619,8
1625,1
1637,1
1639,1
1641,2
1644,1
1646,1
1647,2
1655,4
1656,8
1662,1
1668,1
1669,1
1670,13
1671,2
1674,2
1677,2
1688,2
1690,1
1691,11
1693,2
1695,5
1696,1
1697,1
1698,38
1699,88
1700,15
1701,38
1702,10
1703,12
1704,39
1706,17
1707,5
1708,12
1709,34
1710,6
1711,4
1712,1
1713,54
1714,30
1715,9
1716,6
1717,8
1718,4
1719,1
1721,28
1723,3
1724,3
1725,3
1726,2
1727,2
1728,2
1729,2
1730,3
1731,4
1732,10
1733,4
1734,3
1735,2
1738,2
1743,2
1747,1
1748,1
1753,1
1754,1
1755,2
1757,1
1758,1
1769,1
1773,1
1775,1
1776,2
1781,1
1783,1
1792,3
1794,1
1796,1
1797,1
1800,1
1805,1
1809,1
1810,3
1811,3
1812,3
1813,1
1814,6
1816,7
1817,5
1818,7
1819,5
1820,16
1821,4
1822,3
1824,6
1825,3
1826,1
1827,6
1828,2
1829,18
1831,8
1832,6
1833,5
1835,9
1836,28
1837,6
1838,3
1839,4
1840,2
1842,3
1843,38
1845,8
1846,11
1847,8
1848,11
1851,65
1852,75
1853,12
1854,16
1855,11
1856,42
1857,25
1858,7
1859,5
1860,12
1861,13
1862,19
1863,19
1864,46
1865,9
1866,2
1867,6
1868,7
1869,20
1872,18
1873,29
1876,3
1877,2
1880,6
1881,15
1883,1
1885,2
1886,8
1887,16
1888,65
1890,13
1892,6
1893,2
1894,4
1895,3
1896,19
1897,7
1898,3
1899,2
1900,12
1901,1
1902,14
1903,1
1915,11
1916,1
1917,1
1919,2
1921,2
1922,7
1923,1
1924,2
1925,2
1926,1
1929,1
1930,2
1933,4
1934,9
1935,6
1936,6
1941,2
1943,2
1945,1
1946,3
1947,2
1948,3
1957,3
1958,2
1959,4
1961,1
1962,12
1963,10
1964,6
1966,3
1971,1
1973,5
1974,4
1975,17
1976,12
1977,6
1978,5
1979,3
1980,3
1982,14
1984,5
1985,4
1986,2
1987,2
1988,5
1989,4
1990,8
1991,1
1992,4
1993,1
1996,6
1997,7
1998,4
1999,2
2000,16
2002,9
2005,7
2006,4
2007,7
2008,17
2009,2
2011,5
2012,16
2013,11
2014,2
2015,9
2016,2
2017,8
2018,9
2019,7
2020,11
2021,10
2022,2
2023,4
2031,5
2033,2
2034,5
2035,5
2037,2
2038,6
2039,8
2040,5
2041,2
2042,3
2043,1
2044,4
2045,8
2048,1
2049,9
2052,3
2053,2
2054,2
2057,4
2059,4
2060,7
2061,2
2062,3
2063,3
2067,2
2068,3
2069,3
2071,2
2072,3
2073,1
2074,5
2075,3
2076,5
2077,1
2078,5
2079,6
2081,1
2082,4
2083,3
2084,2
2085,1
2086,4
2088,1
2090,76
2095,660
2096,564
2097,4
2098,2
2101,6
2102,12
2103,5
2104,1
2105,1
2106,2
2107,1
2110,4
2111,8
2112,1
2113,2
2114,5
2115,1
2116,1
2117,11
2118,6
2119,2
2120,2
2121,7
2123,8
2124,10
2125,2
2127,3
2128,1
2129,12
2130,3
2131,11
2132,4
2133,2
2135,4
2136,3
2138,6
2139,13
2140,4
2141,6
2143,1
2144,2
2145,1
2146,6
2147,3
2148,7
2149,2
2151,3
2152,3
2153,2
2154,7
2155,10
2158,2
2159,3
2160,10
2161,1
2162,2
2163,3
2165,10
2166,8
2167,1
2168,3
2169,3
2170,1
2171,1
2172,3
2174,1
2175,3
2176,2
2177,6
2178,2
2179,2
2180,3
2181,15
2182,10
2183,6
2184,8
2185,3
2186,10
2187,4
2188,4
2189,5
2190,6
2191,3
2192,1
2193,1
2194,2
2195,5
2196,4
2197,5
2198,5
2199,9
2200,10
2201,12
2202,12
2203,10
2206,1
2208,10
2209,3
2210,6
2211,15
2212,1
2213,5
2214,2
2219,1
2220,1
2222,1
2224,3
2225,1
2227,1
2231,1
2232,1
2235,1
2237,1
2243,2
2244,1
2250,1
2253,1
2268,1
2276,1
2278,1
2279,6
2280,2
2281,2
2282,6
2283,5
2285,2
2286,2
2290,1
2291,7
2292,1
2293,1
2294,2
2295,3
2296,1
2297,5
2298,1
2299,6
2300,1
2303,1
2304,3
2305,5
2307,2
2310,1
2311,5
2312,1
2315,5
2316,4
2317,1
2318,6
2319,5
2321,3
2323,2
2324,2
2325,2
2326,1
2327,1
2328,2
2329,1
2331,1
2334,1
2335,1
2338,30
2339,18
2340,11
2341,15
2342,36
2343,18
2344,34
2345,17
2346,11
2347,27
2348,8
2349,5
2350,9
2351,9
2352,6
2353,9
2354,19
2355,12
2356,19
2357,19
2358,19
2359,8
2360,7
2361,13
2362,12
2363,26
2364,17
2365,14
2366,7
2367,3
2368,9
2369,27
2370,21
2371,25
2372,15
2373,27
2374,25
2375,16
2377,13
2378,13
2379,24
2380,30
2381,23
2382,5
2383,7
2384,4
2385,2
2386,2
2387,7
2388,9
2389,1
2390,7
2391,4
2392,7
2393,16
2394,6
2395,2
2396,8
2397,10
2398,6
2399,10
2400,7
2401,3
2402,11
2403,3
2404,2
2405,8
2406,4
2407,2
2408,3
2409,6
2410,7
2411,10
2412,9
2413,1
2414,7
2415,3
2416,9
2417,3
2418,2
2419,10
2420,11
2421,18
2422,4
2423,6
2424,3
2425,11
2426,1
2427,5
2428,2
2429,9
2430,4
2432,25
2435,13
2436,10
2438,19
2440,7
2441,7
2445,6
2446,3
2448,5
2451,7
2455,1
2456,2
2461,65
2462,11
2465,1
2466,105
2467,2
2468,45
2469,39
2475,7
2476,23
2477,15
2478,2
2484,92
2485,87
2486,43
2487,94
2488,88
2489,48
2490,29
2491,60
2492,44
2493,97
2494,33
2495,182
2518,56
2519,28
2526,2
2528,40
2529,2
2530,112
2534,4
2535,36
2536,5
2537,12
2539,1
2540,15
2541,88
2542,52
2543,9
2544,2
2546,5
2549,1
2552,5
2553,96
2554,99
2555,15
2556,2
2557,45
2558,108
2559,41
2562,10
2563,5
2565,46
2566,2
2567,27
2568,43
2569,30
2571,2
2574,37
2575,11
2576,17
2577,70
2584,9
2586,64
2589,26
2590,7
2591,30
2592,48
2593,81
2594,3
2595,6
2596,21
2598,21
2599,30
2600,10
2604,47
2605,2
2606,42
2607,49
2608,15
2609,1
2611,51
2612,79
2613,49
2640,161
2642,118
2647,76
2648,39
2649,68
2650,90
2651,73
2657,53
2664,36
2665,17
2666,13
2676,36
2678,12
2679,33
2682,20
2691,27
2692,24
2693,65
2695,34
2696,21
2697,41
2698,1
2700,29
2701,34
2702,85
2703,25
2704,22
2705,12
2706,88
2707,18
2708,45
2709,59
2710,8
2711,48
2712,7
2714,2
2715,21
2716,25
2717,1
2718,26
2723,4
2726,5
2730,6
2731,6
2732,12
2735,74
2736,39
2737,62
2738,4
2739,10
2740,86
2741,1
2743,25
2744,56
2745,1
2746,34
2748,51
2767,44
2769,119
2770,23
2771,31
2772,71
2773,30
2774,30
2775,22
2778,15
2779,9
2782,5
2783,10
2784,15
2786,9
2787,41
2788,17
2789,8
2790,15
2791,4
2792,11
2793,8
2794,6
2795,3
2796,43
2797,3
2799,41
2807,1
2811,2
2812,2
2815,10
2816,7
2818,5
2819,15
2821,7
2822,2
2825,4
2829,4
2830,9
2831,16
2832,10
2833,2
2834,8
2838,5
2839,6
2840,1
2841,21
2842,4
2843,11
2845,8
2846,3
2847,12
2848,2
2849,4
2850,5
2851,4
2852,5
2853,9
2854,2
2855,5
2856,1
2857,2
2858,2
2860,1
2861,6
2862,4
2863,1
2864,7
2865,9
2866,2
2867,6
2869,1
2870,10
2871,5
2872,7
2873,7
2874,4
2875,5
2878,3
2879,2
2880,1
2881,3
2882,4
2883,5
2884,4
2885,1
2886,5
2887,3
2889,4
2891,1
2892,10
2894,6
2895,2
2896,5
2898,11
2899,7
2902,2
2903,3
2904,1
2905,1
2907,6
2908,4
2909,1
2910,4
2911,7
2913,4
2915,2
2916,1
2917,3
2918,3
2919,3
2920,8
2922,1
2923,1
2926,1
2929,1
2930,2
2932,1
2934,1
2935,1
2936,3
2937,4
2938,1
2940,3
2943,8
2944,6
2950,6
2951,2
2961,1
2962,1
2965,3
2968,1
2970,2
2987,3
2989,1
2993,1
3005,1
3017,216
3026,27
3046,6
3048,2
3063,3
3069,1
3070,1
3072,1
3073,1
3075,1
3078,17
3081,2
3086,2
3087,1
3090,1
3098,6
3101,11
3105,2
3106,1
3109,4
3112,4
3114,15
3116,3
3117,1
3118,29
3119,21
3121,24
3123,4
3127,7
3128,1
3130,17
3132,15
3136,1
3137,1
3140,8
3141,23
3142,14
3143,7
3145,17
3146,3
3147,4
3148,10
3149,23
3150,8
3151,3
3152,1
3153,4
3154,2
3155,4
3156,3
3157,9
3158,2
3159,2
3160,2
3162,3
3163,8
3165,6
3167,9
3168,15
3169,4
3170,3
3172,1
3173,4
3174,9
3176,2
3177,6
3178,1
3181,3
3182,8
3185,1
3186,2
3190,1
3191,2
3192,3
3193,1
3194,1
3195,1
3196,1
3199,1
3200,1
3201,3
3202,2
3203,1
3209,1
3220,2
3221,1
3223,1
3229,1
3232,2
3237,1
3238,1
3240,1
3247,2
3248,2
3249,3
3250,1
3252,1
3253,1
3254,4
3255,2
3256,2
3257,3
3258,3
3259,2
3260,1
3261,2
3262,1
3263,4
3264,1
3266,1
3267,4
3268,1
3270,1
3271,2
3273,1
3274,2
3275,2
3277,1
3279,25
3280,16
3281,5
3282,2
3283,3
3285,5
3288,3
3289,2
3290,2
3291,1
3292,2
3295,2
3296,5
3297,1
3298,3
3299,2
3300,3
3302,3
3303,4
3305,3
3306,2
3307,1
3309,1
3310,3
3311,2
3312,1
3313,1
3315,4
3316,3
3317,4
3318,1
3319,1
3320,1
3322,5
3323,2
3324,1
3325,1
3326,2
3328,15
3331,29
3332,2
3336,1
3337,17
3344,22
3345,1
3346,1
3361,36
3372,1
3374,1
3379,1
3411,3
3412,1
3413,1
3414,1
3417,1
3420,7
3421,7
3422,3
3423,6
3424,2
3425,2
3426,1
3428,5
3430,1
3433,1
3437,2
3438,3
3440,3
3441,1
3442,1
3443,2
3449,1
3450,1
3451,1
3453,1
3454,1
3457,1
3460,1
3463,2
3470,2
3480,1
3483,1
3486,1
3491,8
3492,25
3493,17
3494,13
3495,2
3496,18
3497,27
3498,24
3499,15
3501,21
3502,6
3503,4
3504,14
3505,3
3506,1
3507,4
3508,6
3509,4
3510,1
3511,3
3512,1
3513,1
3514,1
3515,2
3516,26
3518,3
3519,18
3520,30
3521,1
3522,2
3523,9
3524,6
3525,2
3526,3
3527,8
3528,5
3531,3
3532,4
3533,9
3534,6
3535,5
3536,3
3537,2
3538,2
3539,3
3540,4
3541,2
3542,2
3543,3
3544,1
3545,1
3546,1
3547,3
3549,1
3551,17
3552,12
3553,13
3554,3
3555,1
3556,3
3557,4
3558,2
3559,8
3560,2
3561,5
3562,15
3563,5
3564,14
3565,5
3566,11
3567,1
3568,14
3569,6
3570,5
3571,10
3572,12
3573,10
3574,10
3575,9
3577,7
3578,7
3580,13
3581,36
3582,16
3583,12
3584,11
3585,14
3586,3
3587,20
3588,24
3589,16
3590,23
3591,2
3592,7
3593,1
3594,3
3596,2
3597,1
3598,4
3601,4
3602,1
3603,5
3604,1
3605,4
3607,8
3608,12
3609,7
3610,7
3611,26
3612,21
3613,6
3614,2
3616,7
3617,2
3618,14
3619,15
3620,14
3621,6
3622,11
3623,8
3624,1
3625,1
3626,2
3627,4
3631,5
3632,2
3644,4
3645,3
3647,3
3649,7
3650,5
3651,5
3653,6
3666,3
3667,4
3668,1
3669,4
3670,1
3672,1
3674,3
3676,2
3677,1
3678,2
3680,3
3681,1
3682,1
3683,1
3684,1
3685,2
3686,2
3687,1
3688,3
3689,6
3690,6
3691,8
3692,9
3693,4
3694,3
3696,7
3697,3
3698,2
3699,1
3700,2
3702,2
3703,2
3704,3
3705,1
3710,3
3712,1
3714,1
3716,2
3717,7
3718,3
3719,3
3720,1
3721,1
3722,5
3723,2
3724,1
3725,5
3726,11
3727,13
3728,5
3729,21
3730,13
3731,7
3732,1
3737,11
3738,36
3739,13
3741,12
3742,1
3748,2
3749,4
3750,6
3751,3
3752,10
3753,1
3754,21
3755,6
3756,7
3757,9
3758,6
3759,9
3760,6
3761,6
3762,4
3764,37
3766,2
3767,2
3769,4
3770,4
3774,8
3776,11
3777,5
3778,6
3779,2
3784,2
3785,5
3786,1
3790,4
3791,9
3792,6
3793,8
3794,5
3795,4
3796,1
3797,16
3798,1
3799,9
3800,4
3801,6
3802,10
3804,2
3805,1
3806,1
3807,2
3808,3
3809,73
3810,10
3811,19
3812,8
3813,11
3814,98
3815,14
3816,8
3817,7
3818,13
3819,16
3820,3
3821,2
3822,8
3823,8
3824,1
3826,1
3827,12
3828,5
3829,11
3830,4
3831,31
3832,9
3833,29
3834,9
3835,10
3836,23
3837,8
3838,15
3839,18
3840,17
3841,14
3842,14
3843,21
3844,20
3847,3
3848,4
3849,8
3850,1
3851,4
3852,9
3853,6
3854,5
3855,24
3856,2
3857,8
3858,6
3859,10
3860,3
3861,6
3862,7
3863,6
3864,17
3865,6
3866,5
3867,5
3868,6
3869,6
3870,10
3871,14
3872,22
3873,15
3874,17
3875,7
3876,32
3877,22
3878,1
3879,11
3880,7
3881,8
3882,16
3883,11
3884,6
3885,3
3886,29
3887,30
3888,9
3889,2
3890,6
3891,1
3892,3
3893,9
3894,7
3895,6
3896,7
3897,8
3898,13
3899,7
3900,5
3901,8
3902,9
3903,23
3904,9
3905,11
3906,11
3907,14
3908,1
3910,8
3914,8
3915,3
3916,2
3917,15
3919,8
3920,12
3921,11
3922,2
3924,2
3927,8
3928,3
3929,7
3930,5
3931,6
3932,4
3933,4
3935,7
3936,9
3937,5
3938,10
3939,1
3940,4
3943,1
3944,3
3945,4
3952,1
3954,2
3955,3
3960,2
3962,5
3963,5
3964,5
3965,17
3966,21
3967,8
3968,3
3969,9
3970,7
3971,1
3972,3
3973,2
3974,2
3975,12
3976,6
3977,5
3978,5
3979,10
3980,1
3981,6
3982,8
3984,14
3985,4
3986,5
3987,10
3989,28
3990,9
3991,11
3992,17
3993,15
3994,1
3995,35
3996,3
3997,16
3999,6
4000,5
4001,9
4002,3
4003,3
4004,4
4005,4
4006,3
4007,9
4008,6
4009,16
4010,3
4011,4
4012,4
4013,1
4014,5
4015,1
4017,1
4018,2
4019,1
4020,1
4021,2
4022,7
4025,8
4026,28
4027,21
4028,3
4029,2
4030,6
4031,1
4032,5
4033,22
4036,1
4045,5
4061,1
4062,1
4063,1
4064,6
4066,1
4069,7
4070,3
4071,1
4072,6
4073,2
4075,1
4076,2
4077,15
4078,1
4080,1
4082,2
4083,2
4084,2
4085,3
4086,18
4087,5
4089,2
4090,1
4094,1
4095,1
4097,3
4102,7
4103,1
4110,2
4121,1
4124,1
4127,2
4131,1
4134,3
4135,1
4136,1
4138,9
4142,1
4143,1
4148,1
4149,2
4154,1
4156,1
4170,397
4172,592
4173,325
4181,272
4182,62
4187,2
4189,1
4190,1
4191,1
4193,1
4196,1
4197,1
4198,1
4199,2
4205,2
4210,1
4211,2
4212,1
4213,2
4214,1
4215,1
4216,2
4217,1
4218,1
4220,4
4222,3
4226,2
4227,1
4228,2
4230,1
4231,1
4233,1
4237,1
4239,1
4245,3
4249,1
4258,1
4263,2
4264,1
4267,1
4269,1
4283,1
4288,1
4290,1
4295,1
4296,3
4297,1
4300,1
4317,7
4318,2
4321,10
4322,4
4324,1
4327,1
4330,1
4331,8
4332,4
4334,1
4335,1
4336,2
4337,2
4338,7
4339,1
4342,3
4343,1
4344,2
4345,3
4348,2
4362,1
4369,2
4372,1
4377,1
4382,1
4389,1
4392,1
4393,4
4400,9
4401,1
4404,8
4406,1
4407,12
4408,2
4410,20
4413,1
4414,1
4415,2
4427,4
4429,1
4430,1
4432,3
4433,1
4436,2
4437,7
4439,2
4444,31
4445,31
4449,2
4450,34
4452,20
4460,7
4461,20
4462,7
4463,20
4464,7
4468,22
4469,46
4470,3
4471,5
4472,3
4473,3
4475,4
4476,1
4479,1
4481,2
4483,1
4484,19
4485,1
4486,2
4488,9
4490,21
4491,1
4492,1
4503,1
4508,5
4509,7
4510,3
4514,3
4516,4
4531,7
4546,1
4555,1
4579,1
4580,8
4585,3
4590,1
4600,1
4669,28
4671,4
4672,13
4678,9
4682,2
4683,3
4684,66
4686,8
4687,19
4688,19
4692,7
4693,11
4694,72
4697,24
4698,10
4699,30
4700,1
4701,3
4702,25
4704,42
4705,62
4706,65
4708,63
4710,47
4714,133
4716,61
4717,50
4718,30
4719,23
4720,20
4721,39
4722,17
4723,52
4725,1
4728,1
4729,1
4730,1
4743,2
4745,3
4746,2
4748,1
4749,1
4751,7
4752,1
4753,1
4754,1
4755,4
4758,2
4759,1
4789,1
4802,1
4809,1
4813,1
4814,2
4816,1
4817,3
4820,1
4822,1
4826,1
4852,1
4855,4
4857,1
4858,2
4861,2
4862,1
4863,2
4867,1
4988,1
4993,4
4994,4
5000,5
5001,1
5005,2
5008,1
5009,2
5010,1
5017,3
5018,1
5019,1
5020,7
5027,2
5029,1
5031,1
5032,1
5033,1
5036,2
5037,1
5041,1
5042,37
5043,7
5045,2
5049,2
5053,3
5056,1
5057,2
5060,1
5063,2
5064,3
5065,2
5067,1
5068,1
5073,1
5075,3
5076,19
5077,14
5078,9
5079,2
5081,1
5082,2
5083,2
5084,3
5085,2
5086,7
5089,1
5090,2
5091,7
5092,48
5093,2
5097,23
5099,4
5102,7
5103,7
5104,6
5105,17
5107,8
5109,4
5110,13
5112,2
5113,1
5114,11
5116,9
5118,3
5119,4
5120,4
5121,8
5123,2
5124,4
5125,4
5127,3
5132,5
5134,17
5136,23
5138,1
5139,17
5140,17
5141,3
5142,19
5143,4
5157,1
5158,10
5172,1
5173,1
5174,2
5175,1
5177,1
5178,4
5180,5
5181,16
5183,20
5184,21
5185,36
5186,13
5187,4
5188,22
5189,19
5190,22
5191,19
5192,33
5193,65
5194,229
5195,82
5197,6
5198,8
5199,1
5200,3
5201,39
5202,11
5203,10
5205,15
5206,28
5208,3
5209,3
5211,1
5227,1
5243,1
5244,1
5246,1
5247,1
5248,4
5249,2
5251,7
5253,2
5256,1
5257,3
5258,1
5259,3
5262,2
5264,10
5268,2
5269,1
5270,2
5272,2
5274,4
5275,1
5276,3
5278,4
5280,2
5281,4
5282,1
5283,1
5284,4
5285,3
5286,3
5289,1
5290,1
5292,1
5293,1
5294,6
5295,1
5296,1
5297,4
5298,31
5299,1
5300,1
5301,3
5302,2
5303,4
5304,4
5305,2
5306,1
5307,3
5308,1
5310,4
5311,2
5313,4
5314,2
5315,8
5318,4
5319,7
5320,4
5322,4
5323,3
5324,3
5325,7
5332,1
5337,4
5341,1
5342,27
5343,20
5344,6
5345,6
5346,1
5347,1
5350,2
5355,1
5359,1
5361,1
5365,2
5366,16
5369,4
5370,4
5373,3
5376,3
5378,2
5382,1
5383,2
5384,1
5385,3
5386,2
5399,4
5401,1
5402,1
5403,12
5404,2
5405,3
5409,1
5410,1
5415,2
5417,1
5423,1
5428,1
5431,1
5433,1
5434,3
5435,1
5441,3
5444,1
5449,6
5450,5
5457,1
5458,1
5465,1
5466,1
5467,1
5470,6
5471,2
5472,4
5478,2
5479,1
5481,2
5485,1
5493,1
5497,2
5502,2
5505,1
5507,2
5511,1
5512,29
5514,2
5515,2
5516,14
5517,5
5518,7
5519,21
5520,25
5527,1
5528,1
5529,1
5530,4
5532,5
5533,1
5538,3
5540,2
5541,1
5544,1
5546,6
5547,2
5548,2
5549,74
5550,3
5551,3
5552,1
5553,44
5558,6
5559,22
5560,4
5561,1
5562,80
5563,3
5564,15
5565,8
5566,4
5567,19
5568,13
5569,6
5570,7
5572,6
5573,20
5574,5
5576,10
5577,4
5578,76
5579,4
5580,3
5581,43
5582,3
5583,10
5584,6
5586,120
5624,1
5630,4
5663,96
5668,24
5692,13
5694,1
5695,10
5696,4
5697,1
5698,7
5699,3
5700,3
5701,1
5702,4
5705,1
5708,6
5710,4
5711,7
5712,1
5713,6
5715,7
5717,8
5718,3
5719,4
5721,1
5722,2
5723,1
5725,6
5726,3
5733,4
5734,6
5735,2
5736,2
5737,1
5738,3
5740,2
5741,3
5743,1
5745,2
5746,2
5747,1
5749,6
5751,4
5752,9
5753,4
5757,5
5759,4
5760,4
5762,7
5763,4
5764,2
5766,12
5768,9
5769,10
5772,2
5773,5
5775,1
5776,9
5777,5
5780,2
5786,8
5787,8
5790,1
5791,1
5798,1
5799,7
5800,4
5803,1
5804,4
5805,7
5806,10
5807,3
5808,4
5813,5
5815,25
5816,1
5817,4
5818,1
5820,1
5823,2
5827,1
5829,1
5830,38
5831,10
5832,1
5833,9
5836,2
5837,6
5838,1
5839,5
5840,3
5841,7
5842,20
5843,7
5844,12
5845,2
5846,27
5847,25
5848,15
5860,12
5866,19
5868,24
5874,18
5882,71
5883,33
5884,11
5885,5
5886,2
5888,18
5889,12
5892,9
5895,16
5896,10
5897,1
5900,2
5901,1
5902,4
5904,2
5905,2
5909,2
5910,2
5913,1
5914,3
5918,1
5919,1
5920,4
5921,6
5923,3
5924,2
5925,1
5926,1
5927,1
5929,11
5934,1
5936,3
5940,2
5941,2
5942,4
5943,1
5944,3
5946,1
5947,4
5948,3
5950,104
5952,13
5953,95
5954,30
5955,58
5960,1
5962,7
5969,3
5971,2
5978,1
5980,1
5984,1
5986,4
5987,3
5988,1
5990,1
5992,1
6002,1
6003,2
6005,1
6017,1
6020,1
6029,1
6035,3
6036,1
6037,7
6038,1
6039,2
6040,3
6043,1
6051,5
6052,11
6054,1
6055,9
6056,1
6063,3
6064,12
6065,1
6066,13
6067,8
6068,8
6069,10
6070,4
6072,5
6073,5
6074,6
6077,11
6078,46
6079,1
6080,7
6081,2
6082,5
6083,1
6084,7
6088,11
6089,23
6090,10
6091,4
6093,1
6094,6
6096,1
6097,3
6099,8
6100,12
6101,1
6102,2
6105,47
6108,21
6110,7
6111,5
6115,1
6116,1
6117,1
6119,1
6122,2
6123,1
6124,2
6126,3
6141,1
6142,1
6143,1
6148,1
6149,2
6152,22
6159,12
6168,47
6170,80
6171,76
6172,55
6179,1
6188,20
6189,78
6198,49
6201,195
6202,163
6203,117
6205,172
6206,51
6208,6
6210,3
6211,2
6214,10
6215,6
6216,4
6217,6
6218,8
6219,5
6220,6
6221,2
6222,10
6223,4
6224,3
6226,7
6229,1
6232,1
6233,1
6236,3
6239,1
6240,3
6247,38
6249,2
6250,1
6252,6
6253,1
6255,1
6256,1
6257,4
6259,17
6260,2
6262,2
6263,1
6265,51
6273,12
6274,6
6276,312
6281,38
6289,4
6292,11
6294,2
6298,16
6301,7
6302,2
6303,3
6309,1
6310,1
6311,1
6314,3
6318,1
6319,2
6320,8
6324,2
6326,2
6328,1
6330,4
6331,6
6332,1
6333,2
6334,1
6339,1
6340,1
6344,1
6355,1
6357,2
6358,1
6362,3
6366,4
6371,1
6372,3
6374,1
6378,3
6380,1
6381,1
6382,1
6385,2
6387,3
6388,2
6389,2
6391,1
6392,6
6393,4
6399,4
6401,5
6405,18
6418,59
6419,2
6420,2
6426,4
6428,2
6433,10
6435,17
6436,9
6437,5
6439,27
6441,2
6445,1
6447,1
6448,2
6451,32
6452,4
6454,6
6455,1
6456,7
6457,80
6458,1
6459,4
6460,7
6461,6
6462,3
6463,3
6466,2
6468,1
6469,72
6470,29
6471,20
6472,46
6474,43
6475,69
6476,63
6477,26
6503,1
6505,1
6507,1
6508,1
6515,8
6518,1
6519,2
6523,5
6524,3
6535,1
6536,1
6544,1
6548,1
6552,1
6556,2
6557,1
6559,1
6560,1
6565,2
6567,4
6585,1
6586,1
6594,3
6595,2
6596,1
6600,1
6604,1
6606,1
6611,5
6613,1
6619,5
6623,1
6641,5
6649,1
6651,10
6652,2
6655,2
6662,1
6669,1
6675,1
6676,1
6682,2
6683,2
6685,1
6686,1
6687,2
6689,2
6690,1
6692,2
6695,14
6697,9
6700,20
6701,16
6702,1
6705,3
6706,5
6707,1
6710,2
6711,56
6712,1
6714,2
6715,21
6716,2
6717,3
6718,1
6719,1
6720,1
6724,7
6726,2
6728,1
6729,7
6730,1
6731,7
6732,3
6733,6
6735,2
6736,6
6737,4
6739,6
6740,13
6741,3
6742,3
6744,9
6745,3
6746,2
6747,3
6748,3
6749,7
6750,3
6752,5
6753,2
6754,9
6755,1
6758,3
6759,3
6760,7
6761,31
6763,4
6764,8
6765,6
6767,12
6768,6
6769,15
6770,7
6776,6
6804,2
6805,4
6811,2
6812,8
6814,1
6815,1
6816,1
6817,4
6818,2
6819,2
6820,4
6822,1
6823,2
6824,1
6827,1
6828,6
6829,2
6830,1
6831,8
6832,4
6833,1
6834,1
6835,3
6837,6
6838,1
6839,2
6840,3
6841,10
6842,16
6843,49
6844,29
6846,49
6847,24
6848,22
6849,151
6850,55
6851,102
6852,161
6853,47
6857,30
6858,4
6860,13
6861,3
6862,21
6865,65
6868,7
6869,15
6870,6
6871,26
6872,1
6874,6
6877,20
6878,18
6879,10
6880,14
6881,46
6882,7
6883,16
6884,3
6886,3
6888,1
6889,1
6890,5
6892,2
6893,1
6894,2
6895,6
6896,13
6897,66
6898,7
6899,7
6900,74
6901,84
6903,19
6904,9
6905,5
6906,61
6907,8
6908,12
6909,14
6910,22
6912,20
6913,30
6914,51
6915,47
6917,57
6961,12
6962,1
6963,16
6965,8
6966,4
6969,8
6973,13
6974,2
6976,15
6977,10
6981,1
7081,4
7084,1
7130,1
7131,1
7144,39
7145,7
7146,29
7153,7
7154,7
7155,5
7156,1
7157,3
7159,1
7160,7
7161,3
7162,2
7164,49
7165,23
7166,6
7167,5
7175,4
7176,4
7178,10
7179,10
7180,9
7183,70
7185,34
7186,9
7187,5
7188,47
7190,4
7193,4
7194,1
7195,4
7196,8
7198,10
7199,1
7200,4
7201,1
7202,1
7203,1
7204,9
7205,11
7206,5
7208,4
7209,3
7210,1
7212,6
7213,1
7217,19
7218,20
7219,16
7220,6
7221,4
7223,11
7224,7
7225,3
7226,6
7227,2
7228,3
7229,16
7231,3
7235,9
7236,10
7237,3
7238,55
7239,43
7240,45
7241,41
7242,11
7243,14
7244,89
7245,7
7249,6
7250,4
7251,9
7252,5
7253,10
7254,41
7255,2
7260,2
7261,2
7262,1
7263,3
7264,18
7265,7
7266,15
7267,3
7268,6
7269,1
7270,16
7271,7
7272,19
7273,12
7274,8
7277,6
7278,2
7279,4
7282,2
7283,15
7284,2
7285,2
7287,3
7288,4
7290,1
7291,2
7292,2
7293,2
7294,2
7295,20
7296,11
7297,2
7298,7
7299,4
7300,8
7301,4
7303,11
7304,1
7305,8
7306,1
7307,4
7308,1
7309,5
7310,1
7312,4
7313,20
7314,8
7315,9
7316,8
7317,4
7318,6
7319,11
7320,11
7321,19
7322,45
7323,1
7325,3
7326,6
7328,1
7329,7
7330,2
7331,1
7332,3
7333,4
7334,3
7335,1
7336,8
7339,6
7340,4
7341,6
7342,1
7343,1
7345,5
7346,4
7347,7
7348,1
7350,6
7351,8
7352,4
7355,3
7356,1
7357,1
7358,1
7360,1
7366,2
7373,2
7378,1
7380,1
7382,4
7384,1
7387,2
7388,4
7389,1
7390,1
7393,1
7394,2
7397,1
7400,1
7401,1
7402,1
7413,1
7422,1
7430,1
7438,6
7439,1
7442,19
7445,1
7451,2
7453,1
7454,1
7460,1
7462,1
7463,1
7464,1
7470,6
7475,1
7477,1
7478,1
7480,1
7481,1
7483,2
7484,1
7486,2
7487,1
7490,1
7494,1
7499,2
7506,1
7507,1
7520,1
7521,57
7526,1
7527,12
7528,1
7529,3
7534,1
7538,1
7541,3
7542,1
7545,1
7546,1
7547,2
7548,3
7550,4
7551,20
7552,4
7553,7
7556,2
7557,3
7560,30
7561,7
7563,20
7564,1
7568,28
7571,2
7573,10
7574,4
7575,9
7576,11
7578,3
7579,2
7581,1
7585,1
7586,1
7588,2
7592,3
7595,1
7596,2
7599,1
7601,5
7602,13
7603,1
7604,1
7605,14
7606,7
7609,4
7613,5
7615,5
7618,6
7619,1
7620,4
7621,6
7622,2
7624,13
7625,1
7628,7
7630,1
7631,3
7633,8
7634,3
7638,25
7640,3
7641,12
7642,1
7643,20
7644,2
7645,1
7646,3
7650,12
7653,10
7655,1
7656,20
7657,2
7658,1
7659,3
7660,5
7665,1
7666,1
7670,4
7672,1
7673,4
7674,3
7680,5
7681,4
7682,2
7683,1
7684,1
7685,1
7687,1
7689,1
7694,1
7696,1
7697,1
7698,1
7700,2
7701,2
7702,1
7703,3
7704,1
7705,4
7706,3
7707,1
7708,1
7709,2
7711,1
7712,1
7714,30
7715,3
7716,10
7717,6
7718,1
7719,1
7721,2
7722,1
7723,2
7724,5
7725,1
7726,2
7728,2
7729,2
7730,2
7732,1
7733,6
7734,1
7735,3
7737,1
7739,1
7740,2
7741,3
7742,2
7744,11
7745,6
7746,19
7747,1
7750,2
7751,1
7752,9
7753,3
7754,2
7755,3
7757,25
7758,22
7761,1
7762,2
7764,1
7766,5
7767,2
7768,1
7770,14
7771,4
7772,1
7776,1
7777,2
7778,51
7779,10
7782,2
7784,2
7785,4
7789,3
7791,1
7793,1
7797,2
7802,1
7804,1
7809,1
7810,1
7811,8
7813,1
7814,11
7818,1
7821,1
7824,1
7830,3
7831,1
7834,1
7839,6
7845,1
7846,1
7847,1
7851,1
7854,2
7865,1
7869,1
7874,1
7878,7
7880,4
7887,1
7895,2
7897,8
7898,7
7899,3
7900,3
7901,25
7903,1
7905,26
7906,6
7907,1
7910,8
7911,2
7912,18
7914,1
7916,12
7917,2
7918,6
7921,3
7923,3
7924,2
7926,1
7927,1
7930,13
7931,1
7932,3
7933,2
7934,2
7938,4
7939,1
7942,6
7947,6
7955,12
7956,12
7957,1
7958,5
7959,13
7960,5
7961,7
7962,4
7963,11
7964,20
7965,4
7967,1
7968,1
7969,4
7970,4
7971,1
7974,12
7975,12
7976,16
7977,20
7978,16
7979,2
7981,3
7983,61
7984,90
7985,42
7986,83
7987,60
7988,97
7989,37
7993,48
7994,57
7995,43
7999,187
8002,73
8003,28
8004,28
8005,13
8006,20
8008,26
8016,7
8018,59
8020,10
8022,38
8023,18
8030,13
8031,41
8032,31
8033,30
8034,44
8036,14
8037,22
8038,35
8039,42
8040,24
8041,60
8042,22
8043,6
8044,8
8045,6
8046,3
8047,9
8048,4
8050,8
8051,32
8052,17
8053,11
8054,14
8055,19
8056,7
8060,1
8062,3
8063,2
8064,1
8065,2
8066,1
8067,2
8068,1
8069,1
8070,8
8071,17
8072,14
8073,2
8074,11
8075,4
8076,1
8077,1
8080,1
8081,2
8082,1
8084,1
8094,1
8097,2
8101,3
8102,1
8103,3
8104,12
8108,1
8109,8
8113,2
8114,8
8117,14
8118,3
8122,1
8126,1
8127,3
8128,4
8129,1
8131,6
8132,1
8134,7
8135,47
8136,4
8137,2
8138,9
8139,2
8140,1
8141,3
8142,1
8143,5
8144,25
8145,2
8146,78
8147,7
8148,9
8150,40
8152,34
8154,26
8157,34
8159,6
8160,40
8162,14
8163,12
8164,3
8168,31
8169,36
8170,3
8171,1
8172,3
8175,1
8176,2
8177,8
8178,7
8179,1
8180,28
8181,1
8182,10
8183,8
8184,17
8185,9
8186,2
8187,15
8188,12
8189,9
8190,1
8191,10
8192,20
8193,23
8195,36
8196,32
8198,51
8199,27
8200,3
8201,3
8202,25
8204,2
8206,20
8207,19
8208,21
8209,1
8210,8
8211,2
8212,61
8213,7
8214,4
8215,2
8216,3
8217,3
8218,7
8219,1
8220,9
8222,23
8225,41
8226,45
8227,9
8230,1
8231,2
8234,2
8235,1
8239,1
8242,23
8243,6
8244,122
8245,73
8246,4
8247,2
8248,48
8249,30
8251,80
8252,18
8253,16
8261,22
8262,16
8264,24
8265,22
8266,36
8267,39
8268,38
8269,8
8270,4
8272,2
8273,1
8274,3
8275,3
8276,2
8278,7
8280,3
8282,4
8284,3
8285,1
8286,2
8287,1
8288,2
8289,3
8291,1
8293,1
8296,1
8298,1
8299,1
8300,2
8302,2
8303,1
8304,1
8306,2
8308,1
8309,9
8310,1
8311,41
8312,1
8313,3
8314,1
8317,1
8319,2
8322,1
8323,1
8325,1
8328,2
8330,1
8331,4
8333,1
8334,15
8335,1
8336,2
8337,1
8338,1
8339,1
8340,5
8343,23
8345,3
8346,13
8347,4
8348,9
8349,5
8353,2
8354,3
8355,1
8356,3
8357,2
8358,4
8361,6
8363,18
8364,73
8366,1
8367,8
8369,1
8370,2
8371,5
8372,4
8373,9
8374,3
8377,20
8379,5
8380,1
8381,3
8382,8
8383,5
8384,3
8385,1
8386,19
8387,4
8389,4
8391,13
8392,8
8393,32
8394,3
8396,9
8397,26
8398,4
8399,19
8400,2
8401,2
8402,1
8403,2
8404,3
8406,4
8407,4
8408,16
8409,24
8410,24
8411,27
8412,22
8413,3
8414,2
8415,5
8421,13
8422,1
8426,1
8428,1
8432,2
8433,2
8435,6
8436,3
8437,2
8438,5
8439,3
8441,1
8442,2
8449,13
8450,3
8452,3
8453,12
8457,6
8458,3
8459,4
8462,7
8486,5
8488,2
8489,4
8490,1
8491,2
8493,1
8495,4
8496,6
8498,5
8501,1
8503,1
8504,1
8506,4
8510,5
8514,1
8516,4
8531,2
8533,1
8547,2
8551,1
8554,1
8556,1
8562,11
8568,1
8569,3
8570,1
8571,1
8572,2
8577,7
8579,1
8615,2
8616,1
8619,2
8632,1
8636,1
8645,2
8651,1
8655,5
8656,3
8661,2
8662,4
8663,1
8665,1
8666,3
8667,1
8668,2
8671,1
8677,2
8678,1
8681,5
8682,13
8684,1
8685,8
8686,2
8688,3
8689,13
8691,17
8692,18
8695,15
8697,3
8698,4
8699,1
8702,46
8703,55
8706,20
8707,24
8708,10
8709,3
8710,6
8711,3
8712,6
8713,11
8715,3
8716,17
8718,6
8720,2
8721,3
8727,12
8732,18
8734,1
8740,1
8741,2
8742,2
8745,1
8746,4
8748,11
8749,10
8750,2
8752,1
8758,1
8766,3
8767,4
8770,11
8776,1
8777,1
8782,1
8785,1
8786,3
8790,3
8801,2
8802,1
8807,2
8809,1
8813,1
8814,2
8815,4
8817,1
8820,13
8822,2
8832,5
8833,2
8835,2
8837,6
8838,1
8842,1
8845,1
8849,1
8850,1
8857,2
8859,1
8861,1
8868,1
8872,2
8874,8
8881,1
8882,3
8885,1
8888,1
8889,1
8890,1
8891,1
8892,18
8907,5
8908,1
8914,1
8921,2
8927,1
8929,1
8932,2
8934,6
8937,6
8939,2
8942,5
8943,3
8946,4
8947,1
8948,2
8949,1
8950,4
8951,10
8958,1
8962,1
8967,1
8975,1
8978,4
8981,2
8982,1
8983,4
8985,2
8986,1
8987,1
8990,2
8993,15
9001,10
9002,2
9004,1
9005,1
9006,2
9009,1
9010,1
9011,1
9012,2
9014,1
9022,4
9023,1
9024,3
9026,1
9027,2
9029,1
9030,3
9033,5
9034,3
9035,3
9039,2
9040,2
9041,1
9044,1
9045,5
9046,5
9048,6
9049,3
9050,3
9051,1
9052,3
9054,4
9055,1
9056,3
9058,4
9061,2
9064,3
9067,1
9077,1
9078,2
9080,2
9081,1
9086,3
9088,1
9108,1
9111,1
9112,1
9118,1
9123,1
9124,1
9127,1
9128,3
9131,1
9134,3
9138,2
9140,2
9143,6
9146,3
9149,2
9151,1
9152,4
9153,9
9154,4
9155,9
9156,6
9157,1
9158,3
9159,2
9162,3
9163,2
9168,1
9169,14
9171,8
9172,16
9174,7
9176,2
9178,2
9179,4
9180,2
9182,2
9183,3
9184,1
9186,20
9187,2
9189,14
9190,6
9191,8
9192,4
9193,8
9194,4
9197,3
9199,7
9201,2
9202,1
9205,1
9207,1
9208,1
9211,2
9212,1
9220,1
9226,1
9227,1
9228,1
9232,6
9233,1
9234,2
9235,2
9236,1
9237,2
9243,1
9244,1
9249,2
9251,1
9254,1
9255,1
9256,2
9259,1
9261,1
9262,1
9266,2
9269,2
9273,1
9276,1
9281,1
9282,1
9283,1
9284,1
9285,2
9286,3
9288,2
9291,1
9293,1
9296,1
9297,2
9298,4
9300,4
9301,4
9302,2
9303,2
9304,4
9307,1
9308,2
9309,2
9312,1
9314,1
9315,1
9316,1
9317,9
9318,4
9320,2
9321,1
9322,3
9323,2
9324,2
9325,2
9327,4
9328,2
9329,2
9330,2
9331,2
9332,2
9333,1
9334,1
9335,6
9337,1
9338,3
9339,4
9340,1
9341,5
9342,5
9343,3
9344,6
9345,9
9347,5
9348,2
9349,4
9350,3
9351,3
9352,3
9355,2
9358,9
9359,1
9360,1
9361,1
9362,2
9363,11
9364,1
9365,1
9366,1
9368,1
9369,3
9372,13
9373,4
9374,1
9375,3
9377,2
9378,4
9381,10
9383,7
9387,3
9388,12
9390,4
9391,11
9395,1
9400,2
9401,3
9403,11
9404,2
9408,1
9412,1
9413,1
9415,1
9416,1
9417,1
9419,1
9420,6
9421,1
9424,24
9425,3
9427,1
9428,8
9429,3
9431,1
9433,1
9436,1
9438,3
9439,3
9440,1
9444,3
9445,5
9446,5
9447,2
9450,1
9451,1
9452,2
9456,3
9457,1
9460,1
9468,3
9469,7
9470,15
9471,4
9473,2
9476,1
9477,3
9478,4
9479,3
9484,3
9486,9
9488,1
9490,11
9491,1
9492,8
9495,2
9497,1
9498,7
9500,8
9501,8
9502,3
9503,7
9504,5
9506,3
9507,4
9508,2
9510,3
9511,2
9512,4
9513,2
9514,2
9515,5
9516,4
9517,10
9518,3
9519,12
9520,1
9521,2
9522,3
9523,1
9527,3
9528,1
9529,4
9531,2
9532,1
9533,2
9535,2
9538,1
9540,2
9541,11
9543,16
9544,17
9545,15
9546,11
9547,16
9548,31
9549,5
9550,6
9551,3
9552,18
9553,2
9554,7
9555,2
9556,6
9557,5
9558,8
9559,2
9560,7
9561,3
9562,1
9563,1
9564,3
9566,28
9568,1
9570,3
9571,5
9572,7
9573,3
9574,1
9577,2
9578,3
9579,11
9580,4
9581,3
9583,3
9584,4
9585,2
9586,9
9587,8
9588,4
9589,2
9590,4
9591,4
9592,5
9593,9
9596,4
9597,1
9598,3
9599,5
9600,2
9601,7
9602,4
9603,2
9604,6
9605,13
9606,1
9607,8
9609,3
9610,2
9611,9
9612,10
9613,4
9614,6
9615,2
9616,5
9617,8
9618,11
9620,54
9621,2
9622,43
9623,7
9624,2
9626,22
9627,79
9628,36
9629,127
9636,1
9644,2
9647,5
9648,5
9649,3
9652,3
9653,2
9654,5
9655,4
9656,4
9657,4
9658,3
9659,62
9660,9
9661,14
9662,12
9663,2
9664,86
9665,7
9668,4
9669,16
9671,3
9672,8
9674,14
9675,11
9677,27
9679,1
9680,2
9681,1
9682,1
9683,41
9684,1
9686,1
9688,16
9689,7
9690,2
9691,12
9693,4
9694,2
9696,2
9698,1
9699,11
9700,1
9701,27
9702,11
9704,28
9705,21
9706,5
9710,12
9711,16
9712,18
9714,29
9715,25
9716,13
9717,1
9718,8
9722,6
9723,1
9724,7
9727,2
9728,16
9729,3
9730,1
9731,1
9733,1
9734,2
9735,1
9736,14
9737,4
9738,11
9741,2
9742,9
9744,11
9747,1
9748,3
9749,5
9750,2
9751,17
9753,1
9754,1
9756,3
9765,1
9766,2
9767,5
9768,1
9770,4
9773,8
9774,3
9775,1
9776,2
9777,2
9778,1
9779,9
9781,8
9783,5
9784,2
9786,3
9787,6
9788,2
9789,3
9790,4
9791,1
9794,2
9795,1
9801,1
9802,1
9803,18
9804,5
9805,1
9806,9
9810,1
9811,1
9815,2
9816,19
9817,4
9818,16
9819,17
9821,31
9823,1
9825,3
9827,23
9829,17
9838,2
9839,1
9840,1
9841,2
9842,1
9846,3
9847,1
9848,10
9851,1
9852,2
9853,1
9856,1
9860,1
9861,2
9862,2
9863,6
9865,3
9866,2
9867,4
9868,1
9869,4
9870,4
9871,3
9872,2
9873,1
9874,3
9877,8
9878,22
9879,5
9880,6
9881,6
9883,7
9884,3
9886,1
9888,4
9889,6
9890,1
9891,28
9897,1
9898,1
9905,1
9909,2
9910,1
9914,2
9916,1
9917,1
9919,1
9921,1
9928,1
9930,1
9932,1
9941,1
9943,1
9946,1
9947,1
9948,1
9949,1
9951,1
9952,18
9953,26
9954,8
9955,7
9957,3
9958,2
9959,23
9960,28
9961,6
9962,7
9963,28
9964,26
9965,7
9966,2
9967,5
9968,2
9969,6
9970,7
9971,1
9972,19
9973,11
9974,4
9975,1
9977,1
9978,4
9980,23
9981,1
9983,4
9984,1
9987,5
9988,2
9990,2
9992,2
9993,3
9994,2
9995,1
9997,1
9998,2
9999,4
10000,1
10001,3
10005,1
10006,2
10019,1
10024,1
10025,1
10031,2
10032,4
10033,3
10034,35
10035,1
10036,4
10037,12
10038,4
10039,25
10040,3
10041,1
10042,1
10044,27
10045,17
10046,1
10048,1
10052,1
10053,1
10057,1
10064,2
10065,1
10070,22
10071,6
10072,12
10075,2
10076,1
10079,1
10080,5
10082,5
10083,1
10088,1
10092,8
10093,1
10094,1
10095,10
10096,5
10097,1
10098,1
10099,1
10105,1
10106,2
10120,1
10125,2
10126,1
10130,1
10138,2
10141,1
10143,1
10151,1
10167,3
10172,9
10174,1
10180,1
10183,1
10189,1
10190,1
10210,1
10216,5
10217,5
10219,3
10220,15
10222,2
10224,8
10226,1
10227,4
10228,2
10229,2
10233,10
10235,3
10239,11
10240,10
10241,2
10256,2
10260,1
10261,1
10265,1
10266,21
10268,1
10271,1
10280,12
10281,41
10284,63
10286,37
10288,6
10289,11
10292,22
10293,44
10294,47
10295,31
10296,37
10297,1
10298,12
10299,22
10300,69
10301,40
10302,12
10303,15
10305,53
10306,48
10307,24
10308,21
10309,12
10310,3
10311,13
10312,21
10313,1
10315,1
10318,9
10319,27
10320,21
10322,4
10324,1
10326,2
10327,9
10328,3
10330,4
10331,46
10332,3
10333,7
10334,24
10336,11
10338,7
10340,64
10342,24
10343,19
10348,3
10349,49
10351,20
10352,9
10353,3
10354,2
10355,7
10356,21
10357,11
10358,12
10360,2
10361,3
10362,1
10363,16
10364,10
10365,17
10366,1
10369,3
10370,4
10371,2
10372,1
10373,3
10374,8
10375,1
10376,3
10377,4
10378,5
10379,1
10380,2
10381,10
10382,23
10383,23
10384,18
10386,16
10387,2
10388,1
10389,15
10390,2
10391,2
10392,2
10393,2
10400,2
10404,2
10405,2
10406,3
10407,11
10408,2
10409,3
10412,1
10413,1
10416,1
10417,1
10418,18
10419,15
10420,5
10427,3
10428,1
10433,2
10444,3
10456,1
10457,3
10459,8
10461,2
10462,2
10463,1
10466,2
10468,2
10469,2
10473,1
10475,1
10476,1
10478,1
10480,1
10482,1
10484,1
10486,2
10487,3
10488,3
10495,1
10496,2
10497,1
10498,2
10499,7
10500,1
10503,1
10506,1
10509,2
10517,1
10518,1
10520,1
10524,1
10525,2
10526,1
10530,1
10551,36
10557,1
10558,3
10563,2
10578,22
10579,24
10582,7
10584,66
10586,25
10589,15
10591,2
10592,20
10593,47
10594,13
10595,5
10596,12
10597,36
10598,8
10599,5
10600,18
10601,17
10602,40
10603,21
10604,1
10607,5
10609,3
10611,4
10612,5
10614,7
10616,30
10617,22
10618,22
10619,3
10620,15
10623,98
10624,2
10625,2
10626,3
10627,7
10628,6
10630,4
10631,2
10632,2
10633,2
10634,1
10635,4
10638,1
10644,6
10645,11
10647,2
10648,2
10649,4
10650,1
10651,2
10652,2
10653,29
10654,2
10655,4
10656,3
10657,2
10658,3
10659,3
10660,4
10666,2
10668,2
10670,2
10672,3
10673,1
10675,1
10676,1
10677,1
10678,1
10679,3
10681,1
10696,5
10697,3
10698,2
10699,1
10700,23
10701,16
10702,1
10704,1
10706,1
10708,4
10709,11
10710,40
10711,7
10712,1
10713,1
10714,8
10715,5
10716,9
10718,6
10722,1
10723,3
10725,8
10726,6
10727,14
10728,7
10729,5
10730,1
10734,2
10736,1
10738,28
10739,23
10740,36
10741,31
10742,10
10743,4
10744,17
10745,27
10747,4
10748,20
10749,17
10750,18
10751,10
10752,1
10754,17
10755,4
10756,1
10757,2
10758,1
10759,4
10760,6
10761,20
10762,20
10763,12
10764,3
10765,8
10766,26
10768,14
10769,16
10772,34
10773,29
10774,6
10775,4
10779,28
10781,11
10782,16
10783,20
10784,15
10785,1
10787,2
10788,4
10790,6
10791,20
10793,7
10794,3
10799,5
10801,4
10802,1
10803,2
10804,2
10807,12
10811,2
10814,2
10815,1
10819,16
10820,1
10821,10
10822,3
10823,6
10824,1
10825,9
10828,9
10829,2
10831,2
10834,3
10837,1
10838,2
10840,2
10842,1
10843,1
10845,1
10848,3
10849,102
10850,23
10851,1
10853,4
10854,2
10857,14
10858,10
10859,8
10860,14
10861,63
10867,1
10874,2
10876,1
10879,1
10884,3
10885,1
10887,1
10888,3
10890,2
10891,33
10892,7
10893,3
10895,5
10900,1
10902,1
10903,1
10906,1
10907,1
10908,4
10909,6
10911,1
10912,1
10913,1
10914,8
10915,4
10916,6
10917,6
10918,1
10919,10
10921,5
10922,2
10923,2
10924,1
10926,2
10927,7
10928,2
10930,11
10931,5
10943,6
10944,2
10945,5
10946,2
10947,1
10949,17
10950,4
10951,4
10959,2
10967,2
10972,2
10973,3
10976,1
10977,4
10987,1
10996,1
10997,1
11000,2
11002,1
11003,1
11004,25
11007,10
11009,1
11010,58
11011,2
11012,4
11014,2
11016,5
11020,31
11021,26
11022,84
11024,17
11025,1
11026,1
11028,1
11029,2
11030,12
11031,4
11033,4
11035,17
11036,2
11037,14
11038,22
11040,8
11042,10
11044,3
11045,1
11046,4
11047,4
11048,4
11049,13
11050,2
11052,5
11053,18
11055,1
11056,1
11061,2
11063,7
11065,9
11066,21
11067,10
11069,29
11070,2
11071,34
11072,14
11073,18
11074,28
11075,41
11076,3
11078,13
11080,4
11081,4
11082,9
11085,1
11086,1
11088,2
11089,8
11090,4
11091,5
11092,1
11093,3
11094,5
11095,2
11096,1
11097,3
11098,1
11099,1
11105,1
11111,2
11112,6
11119,12
11120,9
11122,11
11125,2
11126,28
11131,2
11132,17
11133,3
11134,2
11135,36
11136,16
11139,27
11140,1
11142,3
11143,1
11144,1
11145,2
11151,6
11153,1
11155,2
11156,1
11157,5
11158,8
11160,1
11161,8
11162,5
11164,1
11165,12
11166,2
11167,1
11168,16
11169,16
11170,8
11172,2
11178,2
11179,4
11181,2
11183,8
11184,1
11185,1
11189,11
11190,1
11191,2
11192,3
11194,1
11195,1
11196,5
11199,5
11200,1
11201,9
11203,15
11209,1
11212,1
11214,1
11217,17
11218,7
11219,7
11221,2
11222,4
11223,1
11224,1
11226,9
11227,2
11228,7
11230,1
11231,2
11232,2
11233,3
11235,6
11236,35
11237,29
11248,2
11250,1
11254,1
11255,1
11257,3
11261,1
11266,1
11267,1
11268,1
11278,2
11281,2
11283,6
11284,1
11285,1
11287,3
11289,9
11310,2
11316,1
11339,2
11340,1
11342,1
11347,1
11348,1
11349,2
11357,1
11366,2
11368,2
11371,1
11373,4
11379,8
11380,1
11383,1
11384,1
11396,1
11403,1
11413,3
11415,2
11421,41
11423,3
11429,2
11430,1
11432,2
11433,1
11435,2
11436,4
11437,1
11438,1
11439,1
11449,1
11450,4
11451,1
11452,1
11454,1
11456,1
11459,2
11460,10
11463,1
11465,1
11466,8
11468,2
11472,15
11473,5
11475,24
11476,2
11479,1
11482,4
11483,1
11485,1
11486,1
11487,4
11489,1
11491,6
11492,4
11493,4
11494,1
11495,1
11496,1
11497,1
11498,1
11500,1
11502,1
11503,1
11507,8
11511,1
11524,1
11528,1
11529,1
11544,1
11548,1
11559,1
11581,1
11613,2
11616,1
11620,1
11626,2
11627,1
11628,1
11630,2
11632,1
11633,3
11635,2
11643,5
11648,11
11656,2
11689,1
11691,1
11696,1
11698,2
11703,1
11714,1
11751,2
11756,1
11759,1
11760,7
11762,1
11763,2
11765,2
11766,1
11767,3
11768,1
11790,1
11791,2
11803,1
11806,2
11809,1
11812,1
11817,1
11818,1
11820,2
11823,2
11824,3
11828,3
11833,4
11840,1
11843,1
11848,8
11853,1
11858,5
11859,2
11860,1
11862,1
11863,3
11864,1
11869,1
11871,2
11873,1
11874,11
11875,1
11894,6
11896,3
11901,16
11920,1
11926,1
11928,1
11935,2
11940,1
11943,3
11945,1
11950,1
11951,5
11953,1
11988,7
12003,1
12004,1
12005,1
12011,1
12013,1
12014,1
12017,12
12018,12
12022,6
12024,5
12025,3
12026,2
12030,1
12031,1
12033,5
12039,2
12043,4
12054,1
12056,1
12059,6
12060,1
12063,4
12069,3
12070,1
12075,1
12076,3
12077,1
12080,4
12081,1
12088,1
12093,1
12102,1
12106,1
12117,2
12122,2
12128,2
12129,2
12130,1
12133,3
12135,3
12138,1
12139,8
12145,2
12146,30
12147,2
12148,23
12151,1
12153,1
12154,2
12155,3
12156,4
12160,1
12162,2
12166,1
12167,1
12168,2
12169,6
12170,4
12171,15
12180,1
12183,2
12186,2
12187,3
12192,1
12193,1
12194,1
12195,2
12198,16
12199,5
12201,1
12203,1
12204,2
12205,1
12212,4
12213,11
12215,3
12221,1
12223,4
12225,1
12226,9
12227,2
12234,2
12235,3
12237,1
12240,1
12255,1
12256,1
12258,1
12283,1
12287,2
12293,1
12294,1
12299,1
12316,1
12318,11
12320,22
12322,2
12323,10
12325,1
12326,15
12329,2
12333,11
12334,2
12336,10
12338,1
12339,2
12341,43
12342,1
12343,1
12344,1
12345,2
12348,5
12351,3
12352,2
12359,12
12360,7
12361,8
12362,1
12372,2
12375,2
12376,1
12377,3
12378,2
12379,2
12380,15
12381,1
12383,1
12432,2
12434,1
12435,2
12436,4
12437,3
12443,2
12444,1
12445,2
12447,3
12450,2
12453,2
12459,17
12462,1
12468,13
12469,3
12473,5
12476,1
12482,6
12483,5
12484,3
12486,2
12487,1
12491,10
12493,9
12494,3
12495,7
12498,1
12499,1
12500,1
12501,1
12502,2
12503,3
12504,6
12506,1
12509,2
12512,1
12513,1
12514,1
12519,2
12526,1
12527,4
12528,4
12529,1
12530,1
12531,5
12532,1
12533,4
12536,2
12537,4
12538,1
12539,1
12540,3
12541,1
12542,1
12543,4
12545,3
12546,2
12547,1
12551,30
12553,3
12555,5
12556,2
12561,1
12562,2
12564,3
12566,1
12568,3
12569,2
12571,3
12573,1
12575,1
12576,2
12581,1
12583,5
12594,2
12610,16
12613,2
12617,11
12621,1
12624,1
12628,5
12629,2
12630,1
12637,1
12640,1
12641,1
12642,1
12643,1
12649,2
12651,1
12652,1
12654,1
12704,1
12706,1
12731,1
12739,1
12752,1
12753,1
12765,1
12769,1
12775,2
12783,1
12792,1
12797,1
12812,1
12813,1
12834,1
12842,1
12879,1
12880,1
12883,1
12886,1
12899,1
12905,3
12909,1
12914,1
12918,8
12919,1
12922,1
12923,1
12942,1
12945,1
12972,2
12975,1
12976,1
12995,2
12996,1
12998,6
12999,9
13051,1
13062,1
13063,1
13067,1
13070,2
13081,4
13092,1
13096,1
13097,6
13100,3
13105,5
13106,3
13108,2
13109,1
13114,3
13115,1
13124,1
13125,1
13126,1
13128,1
13132,1
13147,1
13158,3
13178,8
13181,3
13183,7
13185,3
13187,1
13188,2
13200,1
13204,1
13205,1
13207,5
13208,1
13215,2
13221,1
13223,1
13230,3
13231,1
13232,1
13233,1
13237,3
13239,7
13240,1
13242,4
13244,2
13246,2
13247,1
13248,3
13249,4
13259,2
13261,1
13293,1
13303,1
13323,1
13328,1
13329,1
13335,1
13346,1
13401,1
13406,1
13410,1
13415,1
13417,1
13418,1
13419,1
13422,1
13423,1
13429,1
13433,1
13436,1
13439,1
13440,2
13443,1
13445,2
13474,1
13475,2
13476,1
13480,1
13488,1
13492,1
13493,1
13496,1
13511,1
13517,1
13518,2
13529,1
13542,1
13543,2
13549,1
13550,1
13558,1
13560,2
13564,2
13567,1
13568,1
13570,1
13571,1
13572,2
13577,3
13582,2
13584,1
13594,1
13602,3
13604,1
13614,1
13617,1
13623,1
13628,1
13632,1
13636,1
13656,1
13664,1
13665,1
13666,2
13669,1
13673,1
13674,2
13678,4
13682,1
13686,1
13687,1
13696,1
13697,1
13708,1
13710,1
13712,1
13717,1
13743,2
13747,1
13751,1
13754,1
13757,1
13758,1
13772,1
13773,2
13776,1
13777,1
13778,1
13793,2
13794,1
13802,1
13805,1
13814,28
13826,1
13841,1
13844,1
13850,1
13852,1
13855,1
13858,1
13865,1
13873,7
13875,1
13883,1
13890,1
13898,1
13899,1
13909,10
13914,1
13915,8
13917,1
13926,2
13929,2
13930,7
13931,1
13932,3
13939,1
13942,1
13945,2
13946,4
13947,9
13950,1
13951,1
13955,1
13957,1
13958,5
13961,1
13963,3
13964,7
13966,3
13974,1
13975,2
13980,2
13982,2
13984,3
13988,1
13989,1
13991,2
13993,1
13998,1
13999,2
14002,1
14003,1
14004,2
14007,1
14008,1
14009,5
14011,1
14017,3
14021,3
14032,1
14033,1
14035,1
14042,1
14044,1
14045,2
14056,2
14057,2
14061,1
14064,1
14069,1
14085,1
14091,1
14099,1
14101,1
14103,1
14109,1
14112,11
14114,10
14120,1
14123,1
14132,1
14133,2
14135,1
14136,1
14140,1
14147,1
14150,2
14151,1
14153,1
14159,1
14161,1
14164,4
14167,3
14168,1
14169,2
14170,1
14172,1
14175,9
14176,1
14177,10
14178,1
14179,2
14181,13
14184,3
14185,1
14187,1
14188,1
14189,1
14192,1
14193,3
14195,3
14202,12
14203,27
14204,5
14205,11
14208,1
14209,1
14213,1
14214,21
14215,4
14218,3
14219,4
14220,6
14221,2
14222,4
14223,1
14224,2
14226,10
14227,18
14228,10
14229,5
14230,8
14231,14
14233,6
14234,6
14235,10
14237,2
14241,1
14251,1
14252,1
14253,1
14257,4
14260,3
14266,2
14267,1
14271,2
14278,4
14279,6
14280,1
14281,10
14282,2
14283,1
14284,3
14285,1
14286,3
14288,7
14289,1
14290,2
14295,5
14296,1
14304,1
14305,4
14310,1
14321,1
14322,9
14323,3
14327,1
14328,1
14332,1
14335,3
14337,4
14338,1
14339,4
14341,17
14342,3
14343,4
14346,9
14349,12
14352,10
14353,15
14357,3
14358,12
14359,1
14360,9
14361,4
14362,8
14364,53
14365,11
14366,37
14367,5
14368,10
14369,13
14370,17
14371,6
14372,9
14373,9
14374,20
14375,2
14376,12
14377,5
14378,23
14379,2
14380,3
14381,5
14382,50
14383,7
14384,3
14385,2
14386,38
14387,1
14388,9
14389,3
14390,5
14392,3
14393,3
14395,4
14396,5
14397,2
14398,2
14400,1
14401,1
14403,1
14404,2
14406,3
14408,22
14409,6
14410,6
14411,6
14412,3
14413,3
14414,8
14415,2
14416,7
14417,1
14419,1
14421,1
14423,2
14426,17
14427,14
14429,4
14430,6
14432,10
14433,3
14434,1
14435,7
14436,5
14437,3
14438,2
14439,4
14440,3
14441,1
14442,3
14443,1
14444,1
14445,3
14447,13
14448,6
14450,1
14451,4
14452,2
14453,3
14454,5
14455,2
14456,1
14457,4
14458,2
14459,1
14460,2
14461,5
14463,2
14464,4
14465,1
14468,8
14469,1
14470,1
14471,5
14472,7
14473,2
14474,8
14475,2
14477,28
14478,2
14479,2
14481,4
14483,21
14484,3
14486,6
14488,2
14489,1
14490,15
14492,1
14493,47
14494,4
14495,6
14496,41
14498,64
14499,18
14500,4
14501,4
14502,10
14503,3
14504,2
14505,17
14506,23
14507,17
14508,3
14509,6
14510,9
14512,3
14513,6
14514,1
14515,3
14516,3
14519,6
14520,1
14522,2
14523,8
14524,2
14526,1
14527,5
14528,2
14529,1
14530,6
14532,3
14533,5
14534,2
14536,6
14537,1
14539,11
14540,2
14541,8
14544,3
14545,2
14547,5
14548,2
14549,5
14550,2
14551,5
14552,5
14553,3
14554,6
14555,4
14556,6
14558,4
14559,3
14560,3
14561,2
14562,1
14567,2
14570,41
14571,5
14573,3
14574,6
14575,2
14576,7
14577,5
14578,7
14586,6
14588,1
14589,7
14590,50
14591,12
14593,2
14594,9
14595,6
14597,2
14598,6
14599,2
14600,3
14601,2
14602,1
14603,3
14604,4
14605,2
14607,9
14608,6
14609,9
14610,2
14611,5
14612,12
14613,7
14614,7
14615,1
14617,4
14619,1
14621,3
14622,3
14624,12
14625,3
14627,1
14631,10
14642,6
14643,36
14646,2
14647,10
14649,12
14650,9
14653,2
14655,7
14656,10
14657,10
14658,3
14659,1
14660,5
14668,1
14669,1
14672,1
14674,2
14686,3
14688,3
14691,1
14694,3
14695,1
14699,1
14704,1
14705,29
14707,17
14708,1
14709,6
14725,1
14729,1
14730,1
14732,1
14735,1
14737,1
14745,1
14747,2
14748,1
14750,10
14752,3
14753,1
14754,2
14755,3
14756,1
14759,13
14761,1
14764,9
14765,1
14767,2
14768,2
14770,3
14771,1
14780,18
14783,5
14785,3
14787,16
14790,16
14794,1
14795,1
14796,16
14797,2
14798,13
14799,3
14802,1
14805,13
14806,4
14809,7
14810,9
14817,1
14818,2
14820,3
14830,7
14833,3
14837,6
14838,14
14840,10
14845,3
14846,3
14847,1
14850,2
14851,1
14852,1
14855,29
14856,46
14857,28
14859,29
14862,34
14863,17
14864,6
14865,8
14866,14
14867,30
14868,3
14870,30
14871,29
14873,34
14874,5
14875,16
14876,9
14878,17
14879,24
14880,5
14881,11
14882,6
14883,4
14884,6
14885,5
14893,38
14900,5
14913,47
14914,19
14915,7
14916,15
14917,13
14918,36
14919,1
14921,7
14922,9
14923,24
14924,8
14925,9
14926,22
14927,9
14928,9
14929,5
14932,2
14934,13
14940,46
14941,30
14942,3
14943,5
14944,18
14945,8
14946,1
14947,4
14948,2
14949,5
14950,4
14951,3
14952,3
14955,1
14956,1
14957,5
14958,1
14959,4
14960,2
14961,1
14962,3
14963,2
14966,3
14967,1
14969,2
14970,1
14971,2
14972,3
14978,10
14981,2
14982,1
14983,1
14985,2
14986,2
14987,1
14988,6
14990,2
14991,3
14992,1
14993,15
14994,7
14998,1
15002,2
15004,1
15007,3
15009,4
15011,1
15012,10
15013,4
15014,1
15015,2
15016,5
15018,2
15019,8
15020,6
15021,16
15022,3
15023,4
15024,3
15025,15
15026,2
15027,2
15028,1
15029,1
15030,1
15031,1
15032,1
15036,7
15037,1
15039,1
15040,1
15046,2
15049,1
15053,4
15054,4
15055,8
15056,1
15057,6
15058,1
15062,2
15063,1
15064,1
15066,1
15072,1
15075,1
15077,1
15080,1
15081,3
15082,1
15087,4
15088,1
15089,2
15090,8
15091,4
15092,4
15107,2
15114,5
15116,6
15119,21
15121,4
15122,2
15125,7
15126,25
15128,1
15129,4
15130,2
15131,1
15132,4
15134,2
15136,3
15137,8
15146,8
15147,1
15149,8
15150,2
15151,5
15152,10
15153,1
15154,1
15156,7
15157,4
15158,1
15163,2
15164,1
15165,46
15166,4
15167,11
15168,8
15169,4
15170,15
15171,6
15172,5
15173,2
15174,4
15175,2
15177,4
15178,4
15180,1
15181,5
15182,5
15183,1
15184,3
15185,3
15186,13
15187,10
15189,4
15190,1
15192,20
15193,26
15194,1
15195,5
15196,1
15201,1
15210,1
15211,2
15212,1
15215,2
15219,1
15220,1
15221,2
15223,3
15224,2
15229,2
15230,1
15233,6
15234,1
15236,4
15238,7
15239,2
15243,1
15245,1
15246,1
15247,1
15248,1
15249,3
15250,9
15251,6
15252,6
15253,17
15262,2
15263,5
15265,3
15271,6
15273,54
15274,5
15276,1
15277,2
15280,3
15281,1
15282,4
15283,1
15284,6
15285,11
15287,37
15288,14
15291,6
15292,10
15293,99
15294,65
15295,48
15296,34
15297,1
15298,7
15299,92
15300,39
15304,113
15305,46
15307,15
15308,2
15312,1
15314,1
15315,2
15318,1
15319,1
15329,1
15342,1
15344,1
15346,1
15349,1
15350,2
15358,6
15365,1
15367,1
15369,1
15371,1
15374,2
15379,1
15386,1
15387,2
15391,1
15394,2
15400,1
15404,1
15405,1
15409,1
15412,1
15415,3
15416,2
15423,1
15427,5
15429,2
15430,1
15436,5
15439,1
15440,1
15441,3
15445,1
15446,2
15447,1
15450,1
15451,1
15453,1
15460,1
15461,1
15462,1
15465,1
15466,2
15470,1
15478,1
15488,7
15497,1
15499,1
15512,15
15513,1
15518,1
15526,1
15528,1
15540,1
15548,1
15560,1
15564,1
15565,1
15567,1
15572,1
15573,1
15582,1
15585,2
15587,1
15589,2
15590,2
15593,8
15594,1
15595,1
15598,1
15599,3
15602,1
15605,16
15610,1
15614,1
15619,1
15645,19
15651,1
15653,1
15654,12
15661,1
15662,3
15666,2
15669,7
15672,1
15673,1
15674,1
15678,30
15681,4
15684,15
15686,3
15687,3
15690,18
15694,1
15696,2
15697,1
15698,1
15700,1
15702,1
15710,1
15713,15
15714,2
15715,4
15716,9
15719,6
15720,9
15721,1
15724,1
15727,1
15731,2
15732,3
15733,1
15788,1
15798,1
15803,1
15823,1
15864,1
15908,1
16068,1
16090,1
16135,1
16204,1
16207,1
16208,1
16209,1
16210,1
16244,1
16249,1
16256,1
16320,1
16342,2
16354,1
16376,1
16396,7
16404,1
16410,1
16436,1
16449,10
16464,1
16468,1
16469,1
16473,2
16476,1
16478,1
16479,2
16480,1
16483,1
16484,1
16516,1
16528,1
16549,1
16555,1
16560,1
16569,1
16575,1
16583,1
16584,1
16590,1
16612,2
16613,3
16630,1
16634,1
16647,1
16659,1
16662,1
16665,1
16672,3
16673,1
16675,1
16676,1
16689,1
16693,1
16714,1
16733,1
16734,1
16735,1
16738,10
16751,1
16752,1
16753,1
16757,2
16763,1
16764,1
16765,6
16775,1
16776,3
16791,1
16793,11
16794,4
16795,9
16796,1
16797,3
16799,16
16800,3
16801,1
16802,7
16803,35
16804,1
16806,6
16807,1
16808,6
16809,2
16810,1
16811,4
16812,5
16813,17
16814,23
16815,48
16816,1
16817,30
16818,55
16820,11
16822,2
16823,1
16824,8
16825,14
16826,3
16827,1
16829,1
16833,1
16836,5
16837,2
16838,2
16840,1
16842,1
16843,1
16844,4
16845,3
16846,1
16847,10
16848,6
16849,1
16850,1
16857,1
16858,1
16859,1
16862,7
16864,1
16865,2
16866,1
16867,1
16868,1
16871,1
16873,2
16874,2
16880,2
16882,1
16884,2
16886,3
16891,1
16895,5
16896,1
16898,1
16901,1
16903,4
16904,8
16905,1
16907,2
16918,3
16921,1
16922,3
16923,4
16926,1
16927,1
16931,1
16932,1
16933,1
16935,3
16936,2
16938,2
16939,1
16944,28
16945,7
16946,1
16948,2
16951,4
16952,1
16953,1
16954,2
16955,1
16956,4
16958,52
16959,35
16961,50
16971,1
16977,3
16978,1
16986,1
16987,1
16989,1
16996,2
16998,2
17001,1
17004,2
17012,1
17019,2
17022,1
17024,2
17028,2
17029,2
17030,3
17032,1
17033,1
17034,4
17035,1
17037,3
17038,2
17039,1
17040,3
17041,3
17042,4
17043,1
17044,2
17045,3
17046,1
17047,4
17048,2
17049,4
17050,2
17051,2
17052,1
17053,2
17054,9
17055,1
17057,1
17058,5
17059,1
17060,2
17061,5
17062,2
17063,2
17064,2
17065,3
17066,5
17067,4
17068,1
17069,5
17070,8
17072,2
17074,1
17075,2
17076,1
17077,1
17078,2
17079,2
17080,3
17081,1
17082,1
17084,5
17085,1
17086,3
17087,1
17088,1
17091,1
17092,11
17095,1
17096,3
17099,3
17100,19
17103,1
17108,2
17110,2
17111,1
17114,1
17123,1
17130,1
17134,1
17136,1
17141,3
17143,3
17144,34
17145,12
17146,5
17151,2
17152,3
17155,1
17156,1
17159,1
17161,4
17165,2
17170,1
17175,2
17176,2
17177,1
17184,1
17185,1
17188,4
17189,12
17199,1
17200,1
17201,3
17202,21
17207,2
17208,2
17211,4
17212,1
17215,2
17221,3
17222,1
17223,1
17225,2
17226,3
17228,2
17229,2
17231,9
17232,10
17233,2
17235,1
17239,1
17242,1
17244,1
17245,2
17246,1
17247,3
17249,5
17250,1
17251,1
17256,2
17257,2
17258,16
17259,14
17264,1
17266,2
17267,2
17269,1
17275,2
17276,36
17277,2
17278,7
17279,2
17281,1
17283,1
17284,2
17285,3
17286,1
17289,18
17290,9
17293,11
17294,4
17295,10
17296,1
17300,3
17303,4
17307,5
17308,8
17309,6
17310,4
17312,12
17314,4
17315,3
17316,2
17317,9
17318,3
17319,10
17320,4
17322,4
17323,2
17326,2
17327,3
17328,4
17329,1
17331,4
17332,4
17333,3
17335,3
17337,3
17338,1
17340,3
17343,12
17344,5
17345,2
17346,12
17348,7
17352,8
17353,4
17354,6
17359,4
17360,5
17368,2
17369,4
17371,4
17373,3
17375,7
17377,5
17379,1
17380,6
17381,20
17382,4
17383,6
17384,16
17385,4
17386,3
17388,3
17393,4
17394,1
17395,6
17396,1
17397,3
17398,3
17400,1
17404,2
17405,46
17407,1
17411,1
17413,1
17414,3
17416,2
17417,2
17420,4
17421,7
17422,1
17424,4
17425,37
17427,17
17428,9
17429,5
17430,3
17431,1
17432,7
17433,1
17434,7
17435,1
17436,4
17437,5
17438,2
17439,1
17442,1
17443,1
17444,2
17445,3
17446,4
17447,4
17449,1
17451,3
17452,3
17453,2
17454,2
17457,1
17459,2
17462,1
17463,1
17466,2
17467,4
17468,2
17469,2
17471,1
17472,1
17475,1
17476,1
17478,3
17479,1
17482,1
17483,5
17486,2
17487,2
17488,2
17489,1
17490,2
17492,2
17493,1
17494,5
17495,1
17496,32
17497,54
17498,9
17499,3
17501,2
17505,60
17506,2
17507,3
17508,6
17509,14
17513,1
17515,1
17530,55
17531,5
17535,16
17537,1
17538,6
17539,5
17540,34
17541,1
17544,8
17545,1
17558,1
17562,1
17569,1
17570,1
17571,2
17572,1
17574,1
17577,6
17578,1
17581,2
17586,1
17589,2
17592,1
17596,1
17600,1
17603,1
17607,8
17612,14
17613,7
17615,14
17619,1
17620,3
17622,5
17630,1
17633,5
17639,1
17641,1
17646,1
17647,1
17648,1
17650,1
17651,1
17652,1
17654,37
17657,7
17659,3
17660,11
17661,8
17664,11
17666,4
17667,1
17668,10
17669,2
17671,9
17672,2
17673,1
17674,9
17679,1
17681,1
17682,4
17684,1
17686,32
17687,7
17688,6
17690,1
17691,2
17695,8
17701,3
17704,1
17733,1
17736,1
17745,1
17746,1
17748,3
17752,10
17753,1
17765,1
17768,1
17769,2
17774,6
17775,8
17776,12
17777,3
17778,5
17779,1
17780,34
17781,4
17782,7
17783,7
17784,5
17786,3
17787,5
17788,2
17789,24
17790,8
17791,9
17792,8
17794,2
17795,2
17799,1
17801,1
17804,5
17805,4
17806,2
17809,2
17811,30
17812,3
17813,2
17823,8
17835,1
17839,1
17840,1
17849,12
17857,2
17859,1
17865,4
17867,1
17872,3
17887,1
17892,9
17893,1
17894,1
17895,1
17920,1
17921,7
17922,1
17938,11
17940,13
17945,2
17947,2
17950,7
17952,1
17953,9
17954,10
17955,2
17956,2
17958,1
17959,8
17960,2
17969,1
17972,8
17993,1
17994,1
17997,1
18000,1
18008,4
18009,1
18010,2
18016,3
18023,1
18043,1
18046,1
18051,1
18055,2
18068,2
18069,1
18070,1
18076,1
18080,4
18081,4
18082,2
18084,1
18085,1
18094,1
18100,1
18109,7
18110,10
18111,1
18112,3
18114,1
18115,2
18116,1
18120,6
18122,2
18127,1
18129,1
18133,2
18138,1
18140,2
18152,1
18153,1
18161,1
18162,3
18170,17
18176,1
18178,12
18181,7
18213,8
18216,10
18217,6
18218,4
18220,9
18221,19
18222,1
18223,4
18224,6
18228,1
18229,1
18230,7
18231,1
18234,2
18237,1
18238,1
18242,3
18244,76
18245,1
18246,3
18251,1
18252,2
18254,2
18255,15
18256,72
18258,1
18259,16
18260,1
18264,1
18265,1
18266,1
18269,2
18270,2
18271,2
18289,3
18306,2
18310,1
18311,3
18312,11
18315,8
18316,1
18317,6
18320,11
18321,9
18322,4
18324,38
18325,4
18326,14
18327,5
18328,2
18329,13
18330,26
18331,23
18332,16
18333,11
18334,9
18339,8
18340,16
18342,2
18350,2
18351,2
18352,1
18354,1
18358,4
18361,1
18363,1
18364,2
18366,1
18369,16
18370,1
18373,4
18374,5
18378,4
18388,4
18403,1
18405,1
18406,1
18407,1
18408,14
18411,1
18413,3
18415,4
18417,1
18426,1
18427,1
18428,3
18429,3
18431,7
18434,4
18435,5
18439,2
18443,1
18444,3
18445,12
18446,13
18447,1
18451,3
18453,2
18454,2
18463,3
18466,2
18467,1
18468,1
18470,1
18473,1
18477,1
18478,2
18482,2
18484,7
18486,1
18489,1
18490,1
18492,1
18497,1
18503,1
18505,1
18508,2
18510,1
18513,1
18514,11
18515,2
18517,1
18521,5
18523,1
18524,3
18526,6
18529,2
18534,1
18544,6
18550,3
18552,1
18553,2
18554,2
18555,4
18556,2
18557,1
18558,1
18559,1
18560,1
18563,2
18564,57
18565,36
18566,97
18567,16
18572,1
18575,1
18585,87
18587,1
18590,44
18592,1
18599,69
18600,15
18604,36
18606,20
18608,14
18610,42
18611,76
18615,120
18616,15
18626,1
18630,5
18633,1
18634,3
18637,1
18638,2
18646,1
18649,1
18653,4
18675,2
18681,1
18683,1
18690,2
18691,1
18697,1
18702,6
18703,1
18706,1
18707,5
18714,1
18722,3
18723,3
18725,2
18726,7
18730,2
18739,2
18742,1
18743,1
18744,1
18746,1
18747,2
18751,1
18752,1
18754,1
18762,1
18763,2
18765,4
18774,1
18775,2
18780,4
18781,2
18782,3
18784,1
18786,28
18788,1
18789,1
18790,8
18792,1
18795,1
18798,1
18799,1
18803,1
18804,1
18808,1
18811,1
18812,1
18814,2
18815,18
18822,8
18823,1
18835,2
18836,1
18837,8
18839,1
18842,1
18844,22
18846,51
18847,16
18848,67
18849,6
18850,6
18851,37
18852,7
18853,10
18854,3
18855,4
18857,9
18858,6
18859,3
18865,1
18872,1
18873,1
18884,1
18887,2
18888,1
18889,15
18891,32
18892,3
18893,3
18894,3
18895,22
18896,45
18897,12
18899,10
18902,8
18904,8
18905,1
18908,2
18909,2
18910,2
18914,1
18915,1
18916,1
18917,1
18918,1
18920,2
18921,2
18922,2
18924,2
18926,3
18927,13
18928,16
18929,10
18930,50
18931,2
18932,47
18934,22
18938,36
18939,63
18941,20
18942,2
18944,2
18947,1
18949,4
18950,1
18952,1
18954,18
18955,80
18956,11
18957,38
18960,32
18961,68
18962,83
18963,6
18964,9
18965,8
18966,12
18967,6
18968,11
18969,4
18970,4
18971,34
18972,7
18973,91
18974,8
18975,17
18976,30
18978,35
18979,2
18980,1
18982,2
18985,3
18987,2
18989,2
18990,1
18992,2
18993,8
18996,1
18999,3
19001,34
19002,17
19003,47
19004,2
19005,2
19006,56
19007,46
19009,32
19010,32
19011,5
19012,7
19014,36
19015,65
19019,39
19020,9
19021,40
19022,20
19026,2
19027,21
19028,3
19035,8
19047,45
19050,9
19053,3
19061,1
19066,1
19071,1
19072,1
19077,1
19084,1
19095,3
19100,1
19130,1
19135,1
19136,1
19137,1
19144,1
19145,4
19156,2
19158,6
19172,1
19173,2
19174,1
19175,2
19188,9
19191,6
19196,29
19200,4
19201,1
19203,1
19205,30
19206,33
19209,1
19210,1
19214,5
19219,1
19225,1
19226,2
19242,2
19244,2
19245,2
19246,2
19247,1
19249,1
19253,1
19254,8
19257,11
19258,2
19260,4
19261,11
19262,8
19286,1
19294,19
19342,1
19349,1
19351,4
19365,2
19367,1
19369,1
19372,6
19374,14
19376,12
19377,8
19378,12
19379,1
19381,1
19382,4
19383,1
19385,2
19386,2
19387,1
19390,13
19391,3
19392,28
19393,15
19395,14
19396,20
19397,4
19398,35
19399,54
19400,26
19401,1
19402,1
19403,30
19405,13
19406,7
19416,1
19421,1
19423,1
19424,1
19425,3
19428,1
19430,2
19431,2
19435,1
19436,7
19437,6
19438,1
19463,1
19465,1
19466,1
19482,1
19483,1
19485,17
19490,1
19491,2
19492,1
19494,1
19498,1
19499,1
19500,1
19504,1
19506,1
19509,1
19513,3
19517,1
19520,43
19521,9
19524,20
19525,2
19526,16
19529,1
19531,1
19539,1
19542,1
19544,2
19545,2
19555,1
19556,1
19618,1
19619,2
19621,1
19623,4
19624,1
19630,8
19631,1
19633,3
19634,1
19637,1
19638,3
19640,2
19642,2
19644,1
19646,1
19648,3
19650,9
19651,15
19653,3
19657,2
19658,1
19661,1
19662,1
19663,1
19664,1
19665,7
19666,2
19667,1
19668,8
19672,2
19673,1
19674,2
19679,2
19681,2
19682,2
19683,1
19685,3
19687,3
19688,1
19690,2
19691,2
19692,1
19693,1
19694,8
19695,2
19697,1
19698,1
19700,1
19702,1
19704,1
19706,9
19707,4
19708,6
19709,23
19710,5
19711,3
19712,1
19713,1
19714,3
19716,1
19718,1
19719,1
19720,5
19721,11
19726,2
19731,1
19732,5
19733,1
19738,1
19740,1
19743,2
19744,2
19747,1
19748,1
19749,1
19750,2
19751,1
19753,1
19756,9
19762,1
19766,1
19776,1
19782,1
19783,1
19789,1
19795,2
19806,1
19825,1
19882,1
19893,1
19896,1
19898,1
19904,3
19905,11
19906,11
19907,2
19908,9
19909,8
19910,6
19911,17
19912,5
19913,4
19916,1
19917,1
19918,5
19919,1
19921,1
19924,10
19926,16
19927,23
19929,1
19930,1
19931,3
19935,1
19948,1
19952,1
19956,2
19957,1
19958,1
19960,1
19998,1
20029,1
20059,2
20060,1
20062,2
20069,2
20166,1
20176,1
20197,1
20201,6
20203,1
20281,7
20283,1
20284,2
20290,4
20295,2
20296,1
20299,2
20300,2
20302,2
20304,6
20308,1
20318,4
20319,1
20367,1
20400,1
20401,1
20477,1
20478,3
20493,1
20495,1
20499,1
20503,1
20546,1
20558,1
20566,3
20567,2
20569,4
20573,3
20576,1
20579,1
20580,1
20583,1
20584,1
20586,1
20591,2
20593,4
20594,4
20596,18
20600,1
20602,1
20605,2
20607,1
20611,1
20622,12
20623,3
20625,1
20626,1
20628,2
20655,1
20657,1
20660,1
20661,1
20670,1
20671,1
20673,6
20674,1
20676,3
20680,2
20682,1
20717,1
20721,6
20725,6
20728,2
20729,1
20730,5
20732,2
20734,1
20735,3
20779,1
20784,1
20787,2
20788,1
20789,1
20793,1
20796,2
20797,1
20810,1
20816,6
20821,1
20829,1
20830,2
20846,1
20865,8
20866,1
20880,1
20894,1
20903,1
20930,1
20936,1
20939,1
20946,1
20966,1
20968,1
20969,2
20971,1
20976,1
20982,1
20998,2
21019,1
21023,1
21024,15
21026,1
21029,1
21030,1
21049,1
21055,1
21056,1
21061,1
21244,1
21390,1
21397,3
21414,1
21426,1
21525,1
21584,2
21605,2
21621,1
21623,1
21625,1
21630,2
21667,1
21732,3
21740,5
21787,1
21825,1
21855,4
21918,1
21933,1
21937,1
21952,2
21999,1
22006,2
22108,1
22124,1
22133,1
22137,1
22202,1
22208,1
22223,1
22226,1
22237,1
22242,1
22249,1
22251,1
22252,5
22254,1
22255,3
22256,1
22258,13
22259,4
22260,13
22261,1
22263,1
22267,1
22269,5
22270,10
22272,5
22274,2
22278,1
22282,2
22284,1
22285,1
22303,1
22305,1
22306,2
22313,1
22314,1
22331,1
22335,1
22347,10
22348,2
22349,1
22373,1
22377,2
22397,1
22399,2
22401,1
22403,1
22404,2
22406,2
22407,1
22409,1
22415,1
22417,1
22418,1
22421,9
22428,2
22430,1
22435,2
22441,2
22443,1
22448,1
22451,1
22452,1
22453,1
22454,13
22455,5
22462,2
22466,1
22474,1
22480,1
22484,1
22487,2
22488,4
22492,2
22499,1
22552,4
22554,1
22556,1
22557,1
22558,1
22561,2
22562,3
22565,1
22566,3
22567,1
22568,1
22569,5
22570,1
22571,1
22572,15
22573,1
22575,2
22576,1
22580,25
22581,3
22582,3
22584,2
22586,1
22587,3
22589,4
22590,6
22591,2
22593,5
22596,2
22597,2
22598,2
22600,3
22601,1
22602,1
22603,1
22604,2
22605,7
22607,1
22608,2
22612,14
22613,4
22615,5
22616,6
22617,2
22618,1
22621,3
22622,2
22623,2
22624,1
22625,1
22626,1
22627,2
22628,1
22629,2
22630,4
22631,8
22632,1
22637,1
22638,3
22640,4
22641,3
22644,2
22646,1
22647,1
22650,2
22652,2
22654,1
22655,1
22656,5
22666,1
22667,1
22668,1
22672,1
22673,1
22675,3
22680,4
22682,3
22683,5
22685,1
22686,7
22687,1
22688,3
22690,1
22692,2
22693,3
22703,24
22705,1
22706,2
22707,1
22708,89
22711,2
22714,3
22722,1
22723,2
22724,5
22725,4
22727,1
22729,1
22731,2
22732,3
22734,1
22735,1
22736,2
22737,2
22739,1
22741,1
22742,3
22743,1
22744,3
22753,1
22757,1
22759,1
22762,1
22763,1
22766,1
22770,1
22772,1
22788,1
22793,1
22840,266
22844,1
22845,1
22862,1
22865,1
22871,2
22872,2
22873,1
22876,2
22882,4
22883,1
22884,2
22886,3
22887,3
22888,8
22890,1
22891,1
22892,1
22893,1
22894,4
22896,4
22897,18
22898,4
22899,12
22900,3
22901,2
22904,1
22905,28
22906,10
22961,3
22963,11
22969,2
22970,1
22971,3
22973,3
22976,9
22977,13
22979,3
22980,2
22985,13
22987,1
22988,2
22991,1
22993,2
22994,2
22996,4
22998,4
23000,3
