ID,vmt_total,flow_total,voc
58,3405.3504194119814,11432.184143,0.7065195
59,29193.38011555608,95668.90722200001,1.518791
323,4099.5368052698395,24149.58414,0.7937375
442,1934.103950433656,5948.837672,0.1279445
457,5254.647794437575,32331.717938000005,1.0920685
459,26254.97717293906,19639.108546000003,0.6458934999999999
460,15406.445614567752,18938.511757999997,0.6217735000000001
461,34475.29203422781,19639.108546000003,0.6458934999999999
462,7492.323056915305,16709.516641,0.548389
463,2510.9757649003295,18317.904104,0.6173775
464,19125.4498190786,19075.237049000003,0.617591
465,3873.5170418128596,18317.904104,0.6173775
468,5496.32566098756,16735.562534999997,0.5454640000000001
469,40654.13901893467,21000.914625999998,0.7074215
470,5990.055028875449,19742.652429,0.6547145
473,4138.924201503408,18289.384104,0.5993825
474,18653.762843977467,65780.23903200001,1.4673335
505,1584.184281453074,11640.453818,0.7913519999999999
510,25735.855482422652,19381.981914,0.646207
512,44372.93904983804,19165.160867,0.629216
513,4105.486443249431,18510.191541999997,0.617375
514,14157.481950400948,106796.52963,1.321048
515,19766.306247390614,20575.780891000002,0.6884395
516,44650.29018643717,95712.555919,1.181956
517,5861.332004424301,18271.501397,0.609703
520,43099.60313091797,19501.326537,0.6530265000000001
521,27836.442301297502,93133.35530800001,1.109955
522,6488.11646711311,19052.951603,0.6283375
524,4014.2398180689224,20300.998218,0.6744829999999999
525,40865.10299392964,24649.329448,0.8307885
526,33654.08518502705,19521.102529999996,0.639425
528,9592.599622607817,23314.745339,0.779739
551,29120.778720015514,84518.024284,1.257311
552,2656.1822332301317,19078.388011000003,0.6308975
553,24433.552642506835,23115.764773000003,0.770976
554,34631.972274190666,114278.457524,1.4056305
556,53964.41734069655,100721.787872,1.2057575
558,21365.62179342384,54659.890027,0.8246105
562,2808.3187970654303,98745.38667600001,1.569742
564,11839.052434132233,62174.226816999995,0.9703035
568,52624.47362217866,98782.821326,1.326303
570,57459.825473436365,101918.155665,1.35333
573,4495.042933065054,83424.211832,0.988304
574,90684.7521836438,153097.585621,1.3523910000000001
575,13088.328394838796,135910.617697,1.261054
578,23574.971445189545,83424.211832,0.988304
579,9917.633116429777,53413.075951,0.748325
580,9893.405976029626,87649.222379,1.340178
589,27620.38274123377,65397.833854000004,1.026192
590,2856.4396379904,81141.853352,1.2600835
605,7798.684142263,37766.024902,0.411004
610,13599.79170813648,58014.639144,1.056804
611,2725.864943323911,58602.407712,1.0683245
615,34201.356555252605,94420.459592,1.5505845
617,18139.090704324917,59283.305077,1.080824
619,4896.8811041832205,30446.424334,0.287004
621,41100.03155034692,95422.57903200001,1.6893865000000001
637,14242.881892347625,80137.100375,1.0504905
640,6837.160531259512,63496.944856,0.82539
643,35451.968349935465,103828.916871,1.8489085
651,16276.332987273512,37468.969457,0.417727
653,874.7513154273739,1726.239823,0.1553615
659,259.586765863271,1726.239823,0.1553615
660,1801.6972181429758,1726.239823,0.1553615
662,380.85511342902095,1726.239823,0.1553615
663,2394.04676306598,13701.014468,0.868532
664,13569.372881806601,17244.241443,1.0743915000000002
665,374.4268956881509,1915.3152609999997,0.1395445
666,1729.1370410544948,1915.3152609999997,0.1395445
668,1191.7072400789386,1915.3152609999997,0.1395445
669,56606.65563321205,94192.305482,1.131686
671,42761.27325309472,88374.753294,1.4561359999999999
672,58199.182614658326,88280.497191,1.5595955000000001
673,51147.27925946112,84556.750698,1.3942225
674,45347.51288443791,83937.860151,1.490924
675,13873.206567517836,85824.620266,1.522999
684,4779.880720115934,22548.415298,0.3672085
685,11916.910209479689,18658.772538,0.2724025
686,8234.360467152788,29336.033100999997,0.366591
687,7218.744893395463,25181.990327999996,0.36033499999999996
688,21795.607585076858,53788.55747300001,0.709864
689,26878.050172548494,45962.827214,0.69374
690,13838.46553096146,61455.12714700001,0.824033
696,15691.118181001215,57146.51329499999,0.8787465
698,17843.520193791206,62997.437504999994,0.8473355
699,30166.708173961153,54501.632651,0.845501
700,5682.101028366329,68522.61770999999,1.0481525
702,33643.27317585803,67042.378011,1.016433
703,37061.7005250474,61236.943589,0.9322735
704,17668.462678139527,77348.737351,1.0253095
705,33524.49978554121,86713.55205099999,1.320832
706,20977.336263036086,90313.66786799999,1.074846
707,31514.221614184848,69849.064698,1.0697705
708,21795.891358306613,66088.81026299999,1.014429
711,22634.48189874849,79351.577072,1.2196565
716,40871.17526009179,95108.07909099999,1.1361165
717,22510.074726770483,92887.486132,1.4262895
720,13947.542890632252,93383.29979399999,1.4420255
721,26322.303934041498,111400.184243,1.722755
722,30342.305893360764,112583.22842700002,1.8741094999999999
725,29386.817679515145,95736.25431500001,1.1808655000000001
726,39375.78504065818,91799.169664,1.1347615
727,24398.707469955298,99974.21622599999,1.102983
728,19755.30420855397,96915.263409,1.301221
729,7297.816092694941,77531.591283,1.226545
730,19707.984829356377,79840.30679900001,1.2599935
733,35821.80447215465,76360.901822,1.270592
734,24068.22205597112,85169.208211,1.4062855
735,34330.691906309585,85774.83599,1.5156265
738,25883.731275434773,59803.221412,1.006058
743,25140.462446313824,76729.86167,1.1151645
744,20288.26702354144,71485.88843,1.201087
746,19069.714192238123,76088.63518099999,1.10893
748,31803.309769104388,79027.785487,1.30438
749,26980.61497369535,95634.904788,1.3677245
751,40709.29674017115,102840.209019,1.423677
752,85205.3483515427,98928.74367400001,1.3705035
753,65884.71606399873,101194.986175,1.4010880000000001
754,34944.12983736567,92035.255391,1.3210375
755,2015.8414768768798,76380.77739,1.2528985
756,45295.96859729604,103792.23344400001,1.4639775000000002
757,57318.29757681187,88193.529272,1.4360435
758,26254.68149748753,103634.58250599999,1.4440605
759,47680.36959496935,89385.49745600001,1.4339315000000001
760,45202.46181350807,105519.947729,1.4449915
762,40303.24121960556,93357.04932,1.4815875
763,2653.96507261568,84450.62782,1.168908
764,35884.721018190794,117483.567193,1.653108
768,29237.711523905804,118949.935862,1.6189185
769,27880.979648131346,94541.973997,1.4685675
770,30233.66601007568,94914.293668,1.4744435
771,44144.56622447367,105742.419024,1.437063
772,41215.39735862941,87056.084486,1.358826
773,22851.13674369024,91147.87456,1.2405165
774,23564.45818250638,96500.10926900001,1.313089
776,52224.67581196237,81441.735561,1.2735445
777,40778.18521372495,88514.302737,1.0649089999999999
778,38651.37686191105,70101.25209600001,1.099375
779,43371.35731237705,96635.26689700001,1.192906
782,26694.554110177796,101000.961446,1.79539
783,17594.329566287015,106962.262776,1.3925619999999999
786,73388.78405055577,106955.788811,1.3074459999999999
787,59920.34440849891,101255.28183600001,1.236823
788,59421.83727063942,104666.40117,1.1441634999999999
789,25767.18236615382,120753.18063199999,1.6041525
790,2280.4814348653,33568.021524,0.6979080000000001
791,25901.08341440888,102505.474966,1.039736
792,36487.67226716026,84010.647094,0.919595
797,24977.731488022328,80080.188414,0.8821575
799,16069.302442441774,71081.720732,0.8779355
800,41833.54274679546,81610.341663,0.8960265
801,10322.119308927684,64647.389013,0.9931265
802,53538.59184141255,107629.679141,1.432794
803,25959.337453256463,100919.23353299998,1.3463859999999999
804,21317.16244782327,80170.687355,1.2286005
805,28615.613562642706,86818.53815400001,1.274873
806,21346.570932894654,80993.51922300001,1.182931
807,22252.72489785833,104576.481387,1.2131755
808,28884.821903615455,106595.10550199999,1.109341
809,34789.2859613949,97832.08744999999,1.244233
810,38789.57886957709,103270.339791,1.3143645
811,14800.869583125059,99879.67624100001,1.271614
813,23645.081768393313,95412.322526,1.3911514999999999
815,38831.39520241316,99134.791417,1.1572245
822,11147.92199228664,82501.42086000001,1.1963485
823,9864.71779257344,73018.97727999999,1.064695
824,12333.59556938892,74687.503448,1.0923855
834,17758.21871867206,87045.824806,1.012199
835,35789.780287328416,101808.847062,1.0619625
836,44932.226475115895,96379.928904,1.119222
837,27734.04410490232,104132.179792,1.081306
839,7368.108477590771,79622.516994,0.9311254999999999
841,38116.219693775536,83617.357135,1.0675315
842,4602.592335884465,58119.410242000005,0.8622195
843,33982.427047684665,62745.785176000005,0.9265155
844,28573.10557921755,57054.239724,0.846273
845,21922.80104031555,71457.49128999999,0.917346
851,26330.352848279694,62677.88533,0.916261
852,17919.365738860866,66880.025002,0.8523475
853,27450.048362474492,51799.287761,0.7580065
854,24433.19641777373,60518.055001,0.76668
855,4930.58631335768,25755.256547,0.35203599999999996
856,8914.539887370005,28410.974524,0.39006799999999997
857,9894.725356617495,29615.615919000003,0.4054675
858,11221.70633785687,20667.419945,0.2768915
859,6066.61779717004,21897.589912000003,0.278342
860,3377.8739737649335,19499.471645999998,0.37619800000000003
1042,1599.3640229639798,22303.843684999996,0.6831265
1044,4017.007985038022,36505.643369,1.1687855
1173,6898.687943407958,53869.906322,0.9664625
1250,38316.19555783063,95604.776616,1.6862635000000001
1545,4014.91666244328,24149.58414,0.7937375
1549,1137.262246361497,11432.184143,0.7065195
1580,1525.297241039917,15463.116159,0.9728475
1768,2826.620279585183,10419.260267999998,0.3461355
3010,582.9182950162001,1480.2394490000001,0.1332215
3012,301.244385271907,1726.239823,0.1553615
3098,1851.521466130368,2050.247894,0.1845225
3115,559.620787945795,1810.607605,0.1629545
3122,468.90556688275893,1915.3152609999997,0.1395445
3125,10932.55539102379,77594.737787,1.029922
3145,20952.07666085616,66658.426638,1.140586
3192,24238.67038624275,66658.426638,1.5207815
3197,22210.427516418695,67927.61311800001,1.0374455
3204,11813.512119203993,66412.8183,1.021372
3205,20754.340490657836,89215.712827,1.3732929999999999
3206,23431.404051593952,75720.98360800001,1.187746
3207,17870.47586387519,64813.619070999994,1.4176625
3212,9299.846946021506,64813.619070999994,1.4176625
3221,12494.71419967323,83683.036633,1.2295855
3222,20011.47822290137,92636.29733500001,1.351792
3223,23756.524667840975,71922.341172,1.0456714999999999
3419,6389.184154408748,20325.258884000003,0.721696
3554,10329.862108786407,37408.46793,1.2595835
3968,42151.59169768808,102626.035833,1.251828
4887,36534.15399831758,109757.32958700001,1.123991
5127,4509.407539848975,49224.50348600001,0.8711795
6664,257.729331813723,1726.239823,0.1553615
6666,600.429447493158,2050.247894,0.1845225
6852,17135.57709326358,62174.226816999995,0.9703035
6906,14105.46370897632,70026.25516,1.0142660000000001
6921,5964.555334777609,47856.21564,1.056777
6922,11060.809421828631,89353.20686300001,1.22365
6923,6528.83746571875,80274.922655,1.1226735
6924,11127.723181486044,84514.179973,1.0373825
6928,10402.577351335729,67510.187952,1.256122
7073,1810.6534046944319,4629.311644,0.1637865
7074,1015.342293566876,4629.311644,0.1637865
7132,4827.070105626364,11499.403492,0.39537700000000003
7190,25800.92301923551,45025.588661,0.8045709999999999
7215,8036.703082435617,36969.226053,0.805238
7216,17630.589646741104,39412.850096999995,0.8637294999999999
7222,16255.727555089681,34628.724589,0.7619955
7223,18254.76474247776,36199.660392,0.7707539999999999
7258,17916.0253913355,39822.23914500001,0.852277
7259,15664.21631853695,36446.972571,0.786088
7260,13316.994263808429,45157.354863,0.8024985
7303,5919.949898220215,12318.498083999999,0.262478
7310,1657.3700908401115,5419.199664,0.189638
7373,33582.00073495554,80673.633848,1.267873
7374,45192.42618969069,64904.043955,1.055347
7375,26330.39045664891,56970.73946,1.193324
7376,7789.321251703368,38983.250514,0.9622774999999999
7377,20957.963676769068,42303.170577,1.0412620000000001
7380,862.963865643978,53528.084485,1.1195235000000001
7430,20461.980992514596,53420.098195,1.153249
7442,1328.6594484861769,58444.28726899999,1.3134055
7470,21675.00147868638,53528.084485,1.1195235000000001
7492,5522.477061921187,26857.423145,0.3870375
7497,20938.701948806785,53420.098195,1.153249
7499,6890.0452528517535,38693.772268999994,1.0017715
7501,24767.03813410848,50488.05496900001,1.6929725
7505,3544.7103720932,25640.785359999998,0.8158675
7506,4914.113846508124,35784.032611999995,1.138848
7514,8184.067929731817,33883.849949,0.721309
7525,30076.5381818523,41071.334401,0.7266199999999999
7526,5316.816279366071,36180.632310999994,0.771504
7545,4997.3607722998595,25477.11086,0.4780855
7630,8516.32105974865,35446.418488999996,0.7489605
7636,7166.436677110401,23207.147201,0.6903984999999999
7664,19492.7891402781,27269.507204999998,0.906383
7665,8913.057440572476,22853.876237999997,0.769692
7666,7885.099213003302,36856.247081,0.9569245000000001
7699,3128.8455099233124,15027.932056000001,1.030532
7716,2455.069096595247,25963.357233,0.8611325000000001
7723,27892.322875931746,35657.763676,1.183292
7724,2551.1803811550244,33568.021524,0.6979080000000001
7725,2628.2779695095564,33568.021524,0.6979080000000001
7772,119326.96744593486,56970.73946,1.193324
7872,18635.772601432982,42507.635778,0.9760475
7873,22682.7225517536,54736.299594,1.253264
7874,12000.106027994963,63404.338769,0.948537
7963,42056.590438379295,80063.260888,1.7967945
8022,29324.184712462473,87264.490065,1.373082
8035,1809.2292111762538,65468.942314,1.002841
8036,21474.18628017617,55806.139751,0.9490025
8042,28626.947299900494,76464.335453,1.7112345
8054,40092.463567414045,73077.417508,1.624552
8056,25346.23673085733,77596.142366,1.709897
8057,15338.508859236621,65813.56242700001,1.4684279999999998
8058,18975.786009494037,54840.934668999995,1.2045915
8059,20027.42932107097,45021.343083,1.0048394999999999
8060,9925.977086039125,49281.710148000006,1.121866
8102,2652.624432736074,21320.091246,0.35718
8103,70152.70539753321,61740.619685,1.38812
8185,7119.798950873444,19918.530214,0.4219725
8218,6139.770120780843,29751.994603000006,0.6964670000000001
8337,7922.632345813226,67945.938713,1.1465969999999999
8339,8248.047230476519,72194.237365,1.106811
8353,228.64722099071201,5636.935708,0.130531
8647,22759.02074658542,34775.425653,0.900485
8720,2275.7568879791897,11237.750669,0.7354015
8768,58357.95249016594,93049.507216,1.5197455000000002
8769,64707.93920588837,91652.097904,1.620099
8770,89405.66317482013,94492.87614800001,1.5574830000000002
8771,72576.09817097384,94115.211318,1.6518575
8772,36997.614478742755,95604.776616,1.6862635000000001
8773,52989.97497325954,93146.74965900001,1.645241
8774,16096.36706746012,105943.15339200001,1.504904
8775,34504.147643731056,109506.384387,1.2981935
8776,35226.86114817873,117064.26363300001,1.6387589999999999
8777,38775.29429032712,67620.633755,1.181696
8778,23574.70802264355,78816.805775,1.1206575
8780,33587.18065189169,64910.557203000004,1.121326
8781,62115.49347511367,64587.919900999994,1.0977685
8784,34347.74408579179,84967.912085,1.4270095
8785,18890.898261268645,88960.28604099998,1.290842
8786,15188.150516521277,83025.922981,1.2243625
8787,26107.072822268,79317.265302,1.3544185
8788,23763.39519586027,83507.157725,1.228663
8789,3943.0150026115357,86203.81006399999,1.2750805
8790,85579.23467966975,90607.76672599999,1.310527
8791,28864.31108215051,77149.53540600001,1.322867
8792,3509.5948875557037,78748.45645700001,1.1543945
8793,24944.02514390843,82178.782282,1.0670735
8794,2145.8208187811674,83135.231464,1.0008845
8797,16083.978973563344,73693.71652799999,1.059546
8802,19520.949846411637,76777.279696,1.2768555
8803,8211.308197547953,84342.61573300001,1.3638095000000001
8804,44288.29728388793,116737.15804400001,1.5943265
8807,52251.521018312815,123719.67717400001,1.6514665
8808,57963.96063812327,125371.12516600001,1.6616085
8809,61505.19408735458,113120.489977,1.3922525000000001
8810,54439.54110242114,107968.690209,1.4402565
8811,33076.826602849425,110560.129031,1.322824
8812,20459.631503711928,108241.13715400001,1.3131445
8813,40898.82521873869,130163.83688700001,1.4010575
8814,60473.97571385159,134639.7354,1.3512395
8815,78779.1277963231,86963.430133,1.3866585
8816,61641.62695970999,100919.16359099999,1.1032585000000001
8817,13927.91932375655,81864.763792,1.2515855
8820,12617.750808947176,64219.185725,0.9468535
8821,14965.141756732106,76806.95935399999,1.043254
8822,34196.38421737934,56314.878468,0.8950290000000001
8823,27046.807372112635,49659.237991,0.8461615
8824,40170.18441030725,55651.239938,0.9471285
8825,44670.13224013944,61975.480878,0.947798
8826,23882.953321515437,72494.498578,1.0117145
8827,3384.864226938947,84514.179973,1.0373825
8828,7428.700149075334,59450.75437799999,1.094149
8829,28413.293810373878,50359.340406999996,1.114419
8830,13601.400829288112,39133.401894,0.8798995
8831,13874.461449743549,43378.703590000005,0.9721690000000001
8832,17342.881517914666,44580.034131,1.0009249999999998
8833,23246.01685841678,42722.774237,0.9852624999999999
8834,11474.751196353012,41750.507371,0.9469905
8835,26450.045369771276,56856.996558,1.249452
8836,25462.633786665567,56753.765815,1.2948015000000002
8837,53452.18626069056,57866.221648,1.2678405
8838,53361.2065826731,58350.335302,1.341355
8839,21788.06387856919,52909.59130099999,1.1592740000000001
8840,26364.41904855583,53429.187891999994,1.2345685
8841,22064.339167737824,66658.426638,1.5207815
8842,31767.016775571617,68853.966412,1.583846
8843,24305.03795407416,79478.876912,1.455562
8844,24149.57021788646,78540.04058100001,1.461042
8845,22187.183483171928,82942.431928,1.8303525
8846,32058.13029216408,80063.260888,1.4843085
8864,15108.215496233144,22078.899368000002,0.6859535
8879,8562.536530779142,60359.00262300001,1.0996445
8887,17748.59342437088,74289.79482,1.157961
8896,38081.81180595793,70478.151158,0.8590015
8899,70744.9349122907,116531.790192,1.30603
8900,10719.35337011276,108584.50116100001,1.4120465
8902,8499.060584934481,46034.429895,1.504654
8921,18239.008770086446,58934.952236000005,1.2564125000000002
8930,1573.742834047181,41947.459393000005,1.344529
8933,46055.52959927213,83424.211832,0.988304
8938,24427.8888505722,79605.679616,0.9386460000000001
8939,16454.296390947253,84311.17817900001,1.1262254999999999
8944,10267.043277365088,79605.679616,0.985579
8954,13713.879858597042,75058.17885499999,1.0534975
8955,15110.659411072587,69815.831983,1.090997
8966,15828.38054880802,84311.17817900001,1.0395925
8968,16846.505715736992,72735.045801,0.8658985
8972,18957.30288099671,80629.014717,1.1338225
8973,18749.900974945896,74901.516295,0.8390995
8976,9728.9464892607,84518.024284,1.257311
8977,30437.16792484482,76421.180229,1.182619
8982,9839.743610991009,75354.717152,1.691744
9012,33881.10226934226,14601.638738999998,0.46218750000000003
9022,14807.250776986273,105943.15339200001,1.504904
9025,14020.658657067208,88913.92279099999,1.359159
9027,7450.97039729904,46156.045328,1.160125
9028,21100.688258234117,55976.42264799999,1.1739465
9029,27693.814894847943,60728.718393999996,1.141947
9031,255.15019052469,5471.216694,0.21375699999999997
9032,237.76221059136,5621.65344,0.21216749999999998
9033,18040.298594136653,32047.656055,1.069139
9034,6762.605999342143,22571.965472,0.7567699999999999
9035,11578.664100450198,20270.734996000003,0.631123
9036,17698.80898392947,33437.574240999995,1.031489
9037,29098.442565222365,36632.825732,1.12376
9039,4479.654590549952,62768.391864000005,1.4414355
9041,7086.08808026124,33345.512248,0.768516
9042,8036.345575553877,69170.315329,1.560637
9043,17671.827889533986,65247.015413,1.223817
9054,4749.746980740744,62768.391864000005,1.4414355
9132,1565.68051824602,4781.944988,0.1627785
9134,16205.573665048865,71965.600129,0.991162
9136,2018.5629655750054,9216.635385000001,0.199521
9142,3976.631731478745,9368.132517,0.203306
9143,2269.49502214256,8241.021904,0.28518
9144,1086.463363735743,8241.021904,0.28518
9146,1871.702444882496,7975.8234680000005,0.2771925
9224,17287.18060815025,64387.642588999995,0.8196494999999999
9241,24909.273101573395,68523.55920699998,1.194714
9249,22125.31914806041,76099.232477,1.2676
9250,12912.859675518608,68438.97070399999,1.1457065
9251,17959.68225035866,68523.55920699998,1.194714
9252,14211.23421568413,55295.985710999994,0.9744755
9300,19822.58434386677,58444.28726899999,1.3134055
9328,96505.72534443918,109892.818657,1.4757975
9330,64728.222646355,113150.851011,1.347278
9333,44752.663549543904,95897.088738,1.478013
9335,49603.582104507965,97899.29669799999,1.470811
9336,30921.50629743821,98374.221983,1.326588
9337,28355.292475426308,79011.845344,1.206958
9338,35664.5871456095,102413.70094899999,1.346871
9339,31799.436557333007,97441.31275799999,1.463201
9342,27836.408033984004,83783.802511,1.1231404999999999
9343,15271.250276990138,92893.90899600001,1.38949
9468,2013.3722124130563,5948.837672,0.1279445
9472,885.258431645664,5948.837672,0.1279445
9473,1666.35043734302,4562.156404,0.172355
9474,480.5547448153396,4562.156404,0.172355
9477,1780.2172990304562,4562.156404,0.172355
9483,1955.7458218843924,5948.837672,0.1279445
9484,1416.3660363797999,4030.064124,0.13223
9485,1334.016135259276,4625.127017,0.153795
9488,1394.829136802556,4562.156404,0.172355
9489,1036.986532901814,4006.268454,0.1531035
9490,1101.50003309877,3096.519285,0.120338
9509,871.166516019675,4931.4568850000005,0.128783
9510,1137.0185401889999,3927.525182,0.1145615
9512,1436.122764684204,3922.525182,0.148705
9513,633.836921634198,3922.525182,0.148705
9516,1850.0176605387192,6155.256241,0.166065
9517,3369.566658776962,59295.17058399999,1.3251525
9518,6827.838892747599,59295.17058399999,1.3251525
9519,3159.3722179192323,7157.746896000001,0.245489
9540,1204.705363728934,6089.014166,0.205719
9808,1415.304794755198,11237.750669,0.7354015
9832,3096.8304111668667,50794.357878999996,0.7651215
9872,111277.30690103795,122219.496174,1.710663
9873,10452.790201305601,121691.2336,1.8437785
9903,19917.34515657094,48894.685808,0.8642185
9904,24914.536135121874,45784.730322,0.8351625
9910,3372.1689074995447,19744.604532,0.4943415
9914,7314.614242893898,18694.020287,0.5960795
9915,6120.53827492882,18790.189814999998,0.6124175
9919,2512.5253526908077,38075.488765999995,0.41907700000000003
9930,6925.151337717199,48073.816437999994,1.000926
9931,1139.3308702225982,21320.091246,0.357945
9953,12521.515922735478,31270.29842,0.578535
10002,9505.780057321883,26302.768519,0.481397
10003,11199.332756294101,29200.4048,0.5307265
10013,2489.6536552516504,21320.091246,0.35718
10015,3456.3257188998355,27858.541907999996,0.5902845
10016,4294.3603062271795,28328.783602,0.4738015
10044,3335.7530627103797,31270.29842,0.578535
10056,16890.77063112119,48894.685808,0.8642185
10057,13829.155892509194,45784.730322,0.8351625
10067,9102.799386649584,31661.441285,0.4886455
10158,31742.317231811223,59043.500447,1.312691
10159,10393.81347610096,29268.454258,0.63337
10177,8046.783916854463,65247.015413,1.042511
10238,575.306171170016,4562.156404,0.172355
10241,1911.0599446971755,4562.156404,0.172355
10243,388.4174581178955,5948.837672,0.191916
10248,2450.659372006432,5948.837672,0.191916
10252,17588.824831380232,49778.331059,0.8005145
10255,6790.22527097362,11499.403492,0.39537700000000003
10257,36337.0121205813,15166.647378,0.5254435000000001
10389,2189.2404375062233,19128.755484,0.38719099999999995
10390,2279.100526118163,21196.095138,0.424122
10486,11868.535200730976,83458.397153,0.975468
10572,33107.25930933213,64661.100344000006,0.8397725
10575,1259.184930404687,1480.2394490000001,0.1332215
10633,31519.899756543862,58119.410242000005,0.8622195
10658,1998.9034496205616,1915.3152609999997,0.1395445
10790,7253.507487979207,47443.275391,0.9907575
10791,52387.33911949611,47443.275391,0.9907575
10792,22670.102643462647,44882.582476,0.7260735
10793,48745.17752388456,44882.582476,0.9680985000000001
10859,34458.363020213954,107315.49957400002,1.301882
10913,7994.949185125798,82558.335245,1.3458210000000002
10963,27094.984398290955,64319.521617,1.0330255
10965,10877.470359879433,69422.292949,1.0188605
10966,8283.79592751211,66103.199383,1.109295
10967,3753.5083682228883,74124.128516,1.0794365
10968,19697.36667839259,69651.786405,1.0149575
10969,13653.136101855725,63453.904462000006,1.0735675
10970,5590.359715523159,70026.25516,1.0142660000000001
10979,6364.803473136765,54629.285918999994,0.9829335
10981,13116.589275855791,68573.075329,0.9706925
10982,21708.061162181486,64700.138777,1.057826
10991,13899.692930365116,48462.055570000004,0.793308
10994,8825.46602919139,55996.66277,0.9123535
10996,55328.1504698752,84379.637901,0.98028
10998,66335.89889185493,95124.597254,1.177954
11035,27064.402075614904,86368.061005,1.186429
11050,3757.471076341395,25491.835605,0.4795795
11054,64387.90277020146,69643.176899,1.0976015
11055,31211.89011132091,64683.297159,1.017362
11056,29419.832299156493,69166.337053,1.1322364999999999
11057,23895.354234370632,73633.143928,1.0431934999999999
11058,21756.70362701992,69340.53921399999,0.9443130000000001
11095,20261.383712866147,38388.810242,1.199127
11097,649.727991929149,25248.824152999998,0.8275644999999999
11100,16281.806325405309,24141.688167,0.7946580000000001
11101,15803.722838373806,59421.204005,1.072253
11102,53709.42978661973,57546.948015,1.2799580000000002
11103,45736.82075430615,59941.758816999994,1.081247
11106,18562.077071751264,49977.725438,1.106589
11107,1769.9637735947372,33233.139443,0.7706575
11109,28485.745343637354,59407.433073,1.0956135
11110,6950.790288675879,44685.822309999996,1.000222
11112,6723.702712157519,40155.718116000004,0.846637
11113,8905.230874100935,53246.51486000001,1.1198985000000001
11120,709.438627341954,53528.084485,1.1195235000000001
11123,23950.70317460548,50965.509804,1.704298
11124,22314.814276842677,49847.912015,1.5829045
11125,295.3760889208979,1915.3152609999997,0.1395445
11245,6027.1331087955,45081.060458,0.718409
11263,76382.9293345457,74347.517352,1.2209035
11266,38252.63417792952,91158.830419,0.978032
11268,48294.95341668223,95397.21438700001,0.9890315
11271,14651.754234582284,93757.45927500002,0.9725785
11275,3860.275099944625,20777.961321,0.468306
11278,6404.078256592181,62271.689512000004,0.8582555
11280,7350.454098339434,54463.963457,0.597095
11282,7927.170127821606,63528.699791,0.691442
11284,6944.806489179387,18363.079502,0.6380855
11285,3425.7169982628484,15994.868698000002,1.1160845
11287,9116.158859730413,44192.82032,0.7043634999999999
11288,13925.683564426654,48807.277268,0.6722205
11289,25537.00447398872,88545.47927,0.951891
11290,11821.284496178345,48304.333883,0.7817335
11291,6219.525799943096,24801.516118000003,0.5656665
11293,12216.721993790708,67700.67382899999,1.0727455000000001
11294,13087.052789259282,61742.448123999995,1.050763
11296,45031.225422863674,75354.717152,1.691744
11297,26722.982942944545,69170.315329,1.560637
11311,13673.08782042544,32110.545756999996,0.9901169999999999
11312,16812.49442580546,31563.334939999997,0.974041
11326,13214.120868145284,41947.459393000005,1.344529
11327,23207.203441161262,58551.707416000005,1.2385730000000001
11329,13298.19180624161,54648.381515,1.159916
11330,12738.7359271302,48462.055570000004,0.793308
11370,20131.720708383946,25248.824152999998,0.8275644999999999
11371,63240.063440220314,61740.619685,1.38812
11379,8799.715434258991,21156.671261,0.670437
11382,10016.083239566207,26958.870944000002,0.69661
11481,33645.47353034799,61568.522322000004,0.9089655
11483,13825.044078860526,67512.17742,0.8100015
12007,23382.373934528165,68966.21676499999,1.1051925
12009,41650.7689857903,67738.417081,1.1101995
12010,16245.903627778534,74838.942741,1.0328065
12065,4235.239085373616,14952.544508,0.321302
12193,2019.257883354642,11640.453818,0.7913519999999999
12238,30885.40178176029,82916.056221,1.476562
12239,20252.970703319766,84612.305643,1.450718
12241,6550.114259026792,79501.32612,1.4211875
12242,21418.759508460753,82208.15569200001,1.4102919999999999
12245,22453.400806337177,88915.90821600001,1.308909
12247,23013.57821121765,84717.75524099999,1.507042
12253,54786.52355982234,87771.065527,1.498246
12267,10203.352609176663,71184.35999900001,1.080553
12268,10506.175567356186,56667.307983000006,0.8911195000000001
12270,13470.613197903764,74438.082701,1.1437435
12547,9742.374588053086,41938.140687,0.798337
12571,30820.28870945772,49281.710148000006,1.121866
12572,24695.360645423694,49281.710148000006,1.121866
12573,10586.943415082795,50359.340406999996,1.114419
12574,27555.221009179004,50359.340406999996,1.114419
12578,9682.115021816398,36905.899163,0.8599115
12579,13053.683775161055,40375.63105900001,0.9351715
12582,31952.258931195563,88420.03307199999,1.5634755
12583,31236.823867092575,82484.13357,1.4673255
12584,29155.305051551393,82774.191222,1.3713565
12585,19259.535394942905,85488.889261,1.2261104999999999
12586,17067.18946034962,85578.991638,1.3110330000000001
12589,30468.96440463123,83365.384828,1.48385
12591,31061.745259028547,84916.87924499999,1.4104605
12592,36437.79064924153,86468.00596400001,1.4207605
12593,33684.51382566605,89495.78705,1.471497
12749,2898.4814894957126,94656.656853,1.1277679999999999
12750,2702.587306083962,59805.927276,1.090701
12753,14744.943638751434,59283.305077,1.080824
12758,20060.59665269566,59250.607412,1.0801885
12759,21323.54922778203,57990.441404,1.056407
12761,16382.869977152446,58014.639144,1.056804
12767,6531.203280258641,67041.70889200001,1.059364
12768,4470.668733866655,67752.803423,1.0649475
12823,6525.0951175318605,30892.411313000004,1.0981400000000001
12830,6761.9106833387505,27803.223125,0.9837914999999999
12833,7068.895995845653,41404.675276,1.004648
12834,6952.481352149882,36671.719855,0.9757119999999999
12836,15592.668110581548,30938.631573,0.9991415
12837,21998.52247570426,81335.329174,1.1702725
12838,38505.305537418186,84015.486257,1.547802
12841,6987.1473286823275,33849.505996,0.7285775
12929,14025.088541823634,99884.544464,1.07088
12932,12445.7359100968,104785.901763,1.1961515
12935,18500.613657557784,103451.900139,1.0909200000000001
12943,18026.780307348563,101173.44161899999,1.159801
12944,62215.584627363285,95930.87402799999,1.2311714999999999
12945,42615.8644872155,99181.393625,1.579616
12946,25347.554635829623,95877.637876,1.5284425
12949,32488.461602433817,114199.35956200001,1.41513
12950,30245.66397420282,114638.55809199999,1.6582365000000001
12952,104955.68153482699,98745.38667600001,1.569742
12955,94436.1068425325,94656.656853,1.1277679999999999
12957,33058.92938818308,97740.39531500003,1.1729225
13034,7050.870431623616,31007.011696,1.029979
13035,24270.011044540246,50462.33425,1.1005925
13036,17532.165989602057,44387.028308999994,0.9728775000000001
13037,23161.613961015315,51471.968979,1.042388
13046,16845.653489504573,43497.124807,0.9336865
13051,13959.088488191272,49572.91525600001,1.0650625
13052,10911.417612526542,48763.279061,0.8956345
13053,4448.826725568765,23194.529473,0.5287545
13056,5952.250595254074,42676.111097,0.786366
13099,17257.224285042044,67510.187952,1.5205685
13100,31034.326333291167,73306.199884,1.1611624999999999
13115,5998.7301092962625,28517.473769,0.6581385
13116,5505.414971677717,25018.63729,0.748273
13117,5247.902974580957,33895.738133,0.612295
13118,8788.397286124651,27194.063873,0.8927754999999999
13123,8621.486344870042,26387.851091000004,0.787737
13124,11207.66292469072,28048.471840000002,0.9206675
13128,10872.659490996133,26923.919508000003,0.8810245
13135,13759.066482105833,28537.610564,0.9328505
13141,8234.883667796055,19022.820009,0.6190265
13149,4040.960586051844,19022.820009,0.476174
13153,5327.3344359191715,17269.794623,0.554522
13263,6057.876116368908,49301.52934200001,1.059657
13273,29776.42453249849,80724.66961400001,1.4375975
13274,32535.67569039197,85031.245924,1.5098505
13275,41140.78034894399,85851.255919,1.2215865000000001
13277,39351.72495105954,80940.64945299999,1.3353614999999999
13279,77142.36828173364,89796.59412200001,1.4820455
13281,14718.808327877923,86412.974314,1.525546
13282,79497.96167179693,90068.59173500001,1.584884
13438,9141.101303350299,43675.982422,1.3940055
13527,27276.643244633662,108128.657401,1.7631135
13579,47109.828548965925,101258.325844,1.6563210000000002
13580,41299.00958971094,101888.33360399998,1.794322
13581,15636.642384720824,97169.078092,1.5893505
13582,24089.433323585323,98795.613862,1.7438999999999998
13585,34370.905279583785,101591.68512899999,1.7987549999999999
13586,33829.26298588612,102387.570931,1.6725145000000001
13588,11474.746366905249,100517.23825,1.6418405
13589,30797.239909961194,98386.508052,1.749239
13590,73074.91158167628,103887.245178,1.8498015
13593,92137.54887056327,108136.06314,1.763221
13594,97687.63777240002,121691.2336,1.8437785
13595,5206.672756508574,122219.496174,1.710663
13597,66056.12190093749,105216.07020700001,1.606198
13598,31530.184106850575,100522.484663,1.7758155
13599,4510.058261190975,116674.641345,1.895167
13600,71493.4786458155,108086.154255,1.5127465
13637,23618.477380009477,105234.79914100001,1.1484445
13639,36906.37245189524,97807.97554399999,1.5034965
13640,17345.319232118858,107720.85151700002,1.319507
13642,21081.88320325651,113020.19601599999,1.3845475
13646,41461.948512672825,107551.73968999999,1.442522
13648,48593.81352378205,99454.595088,1.2167715
13649,45494.938557218644,100011.955632,1.3450665
13652,16685.327018384145,101918.155665,1.35333
13653,55147.540437633616,106613.091159,1.270851
13658,6034.406632537753,95802.480354,1.186606
13661,13302.079123532174,98399.07625499999,1.3219665
13662,84285.60888299314,109361.274157,1.201263
13664,88009.92386036532,111839.15766699999,1.4798945000000001
13672,50469.03092675655,103705.335013,1.2772335
13673,54013.70074727679,106711.436065,1.420035
13861,30956.697205841592,106962.262776,1.3925619999999999
13869,28693.80600916385,103631.89376400001,1.6829555
13870,26141.770228972495,105995.046178,1.374455
13974,4595.18036157082,22832.829676999998,0.5694525
13975,3124.888533504256,19553.140395,0.4817625
13991,7455.852996562235,18297.300604999997,0.588012
13992,4330.824730023096,24166.407209000005,0.5885975
13993,8046.612111323905,20912.112152,0.6763765
13994,5751.707235147485,27506.365618,0.673532
14022,3161.129055173392,5948.837672,0.191916
14024,2725.394542212408,5948.837672,0.191916
14025,2288.829305730396,4562.156404,0.172355
14026,2239.97317279996,4562.156404,0.172355
14142,37902.49546775099,43535.461799,0.9480275
14143,37531.37982837738,41703.154932,0.874315
14144,15699.262645997187,38311.348369,0.8374895
14151,11978.610208234177,37634.028528,0.7942575
14153,20325.212532901503,38249.719661,0.808783
14154,12056.252050867279,38883.609788,0.849367
14155,10780.646992097589,35589.676946,0.7758355
14176,26344.065715847337,41768.109746999995,0.7494485000000001
14192,273.9915940318328,1915.3152609999997,0.1395445
14193,28878.25108031694,63323.859173,0.9613615
14194,1655.171275569882,2050.247894,0.1845225
14199,2440.749864591675,3011.951385,0.219442
14202,1297.2685451791947,3011.951385,0.219442
14203,855.21990402422,2050.247894,0.1845225
14205,2011.543405180085,1810.607605,0.1629545
14211,2746.4538943150196,3011.951385,0.219442
14213,16926.677498216806,63323.859173,0.9613615
14232,4749.582765221616,32933.711766,0.6677255
14246,144636.00732713318,115455.081774,1.627781
14247,26373.259420890427,107459.547401,1.9025775
14248,77382.14358205812,118060.10796000001,1.3016365
14252,22548.41912438357,110452.958066,1.3093385
14255,28186.96228838142,96268.92043,1.5911085
14256,7216.831137297456,100033.698399,1.5290725
14262,34147.672118799506,107336.711717,1.4268075
14263,34133.33665324434,65967.826489,1.1710965
14265,28247.535610791656,48174.308336999995,0.7707245
14269,18195.148260915023,93765.91256,1.307722
14271,12896.37674068332,91827.234979,1.2994035
14286,23905.635356439896,59697.525649999996,1.050858
14288,6099.714022428696,87368.615815,1.221795
14289,23778.7279023398,82666.264682,1.2578585
14290,27955.06955854602,65538.07566,1.0781235
14291,25579.387210958965,76099.232477,1.2676
14383,94508.01425607379,131539.31210399998,1.5528245
14384,106215.75725539488,135367.159613,1.467257
14386,63840.54801324495,123838.924778,1.4998605
14391,30316.497707446943,125828.011204,1.3910185
14392,33374.641226391606,129331.11501400001,1.320069
14397,45702.47358105819,130470.019444,1.4202965
14399,29213.216982103266,136825.570038,1.268988
14400,51591.60669007742,128370.859777,1.417818
14402,56378.729692735156,125569.57417800001,1.2776215
14403,34767.29246689571,138735.09575700003,1.3748645
14407,39524.37416464219,129665.06078900001,1.414018
14409,46388.905924005914,128149.689008,1.3094125
14410,57243.00527326015,148469.873852,1.3856585000000001
14411,30133.33981735282,137788.94434800002,1.284963
14412,54519.02206010599,147066.896299,1.355234
14413,16779.63157689029,135983.075302,1.2619084999999999
14418,87736.40724767413,150688.477798,1.384809
14419,95975.38443321637,151867.474988,1.395432
14429,2783.009948805165,7859.456445,0.272751
14515,16116.23533531158,97160.678967,1.102545
14635,7648.54991003559,101918.155665,1.35333
14637,24898.216408473323,108817.546703,1.2813554999999999
14639,50022.79215608097,109550.63566500001,1.331856
14644,72100.85581885063,117818.978956,1.3903125
14645,23656.83462033714,101918.155665,1.35333
14647,60486.72993908991,114144.427094,1.253573
14650,40801.95670044831,102626.035833,1.251828
14652,5386.567031858691,105949.27385099999,1.316313
14658,24065.895167800343,117429.553027,1.3853035
14660,34535.32975622806,107463.16463700001,1.419811
14666,39517.15720856719,127481.653301,1.4989145
14682,82589.77654485931,147655.766698,1.5159475
14715,15436.659399616934,49595.055484,0.916867
14782,79510.25587628919,65914.73954000001,1.060873
14949,17428.152460484158,59498.197319,0.8040189999999999
14953,15694.20543462933,101876.842503,1.2968185
15010,34862.583961305754,82129.634137,1.3158425
15020,39934.52134660624,72035.473132,1.215593
15035,49574.9085145538,68370.791054,1.194657
15036,59003.105460134844,72888.963166,1.230445
15037,17841.930151082353,65935.432215,1.116969
15038,14744.380616259145,59006.317548,1.001179
15039,19469.99219651237,64998.77212200001,1.1340005
15041,12224.221378561679,59823.53443100001,1.049477
15064,54185.6286376954,99335.147012,1.6032725
15065,48737.621372470145,95516.132019,1.527153
15081,46322.253574292445,110341.56738400001,1.7866609999999998
15082,41759.38783093176,113301.55973000001,1.593415
15083,8046.56386690101,113550.40085100001,1.783286
15157,32200.959375142236,39419.738387,1.180082
15187,65322.828265555014,91529.06365499999,1.4577185
15188,51303.26710395042,104523.921015,1.1385085
15191,30516.62775663996,101996.38026299998,1.3422985
15196,28567.41310017263,90286.062704,1.3731585
15206,28221.66805233516,59540.246552000004,0.9035704999999999
15207,2061.965441330784,55806.139751,0.9490025
15208,9654.116519520929,63903.412767,0.947499
15209,12588.716075113996,71030.312165,0.943243
15211,15741.963894543744,61807.360576,1.239386
15230,19103.78142001171,73480.604268,1.116882
15236,26769.709820955737,56970.73946,1.193324
15238,30482.146110625446,61740.619685,1.38812
15239,24169.525848228554,48880.392035,1.5524755000000001
15277,25524.274072294178,50965.509804,1.704298
15279,8729.105878146485,43238.439483,1.0661635
15280,13417.32066948563,36505.643369,1.1687855
15304,15007.941957985242,27977.65574,0.925463
15305,12265.47065759765,28917.902849,0.9568635
15311,5608.9584857658265,47856.21564,1.056777
15315,15938.014940613988,73070.273294,1.1025545
15317,54333.15885520565,63861.717312999994,0.9763735
15318,13466.521052901602,65468.942314,1.002841
15406,2098.504757434575,26857.423145,0.3870375
15412,3820.0125252375396,25477.11086,0.4780855
15425,37436.256602910886,85928.969696,1.0868175
15429,15934.769827998207,101499.354557,1.148163
15430,40989.71327829628,96743.955189,1.130682
15432,36755.415541366034,105827.067144,1.1992340000000001
15435,24728.33977578825,101876.842503,1.2968185
15439,30846.494512992544,92635.95768800001,1.2085225
15442,73748.62692750581,93561.981101,1.2198179999999998
15443,88208.77634744767,104891.52683,1.336342
15456,46566.00343268746,80581.119931,1.058123
15457,38281.365234350786,80862.201156,1.029863
15458,69222.68893716317,87237.03213700002,1.140327
15459,56031.90999315446,88076.885768,1.2037609999999999
15676,2940.5381723208534,2689.517441,0.1959505
15680,441.87878600025,1810.607605,0.1629545
15681,728.797367609857,2689.517441,0.1959505
15682,369.07606481080495,1810.607605,0.1629545
15683,572.2997267529487,2689.517441,0.1959505
15684,19548.481654598498,65914.73954000001,1.060873
15688,36745.817415423415,81909.70363300001,1.12828
15689,22444.525414054224,55375.688656,0.9057649999999999
15690,31713.66037059761,56840.021023999994,0.8971764999999999
15696,16419.764861123316,73788.73877499999,1.190772
15699,19789.86436855651,84251.47516,1.0214245
15700,9001.871645794501,89353.20686300001,1.22365
15703,17697.930649995775,80274.922655,1.1226735
15705,20398.03030027373,72234.464645,1.1640435
15709,13815.420431230457,74579.78778799999,1.199343
15710,8290.507297618737,80776.428221,1.273967
15714,52599.595314895196,91679.65693299999,1.152094
15715,40717.95197304543,77738.853724,1.2523525
15720,31644.812676629674,73645.319568,1.1609939999999999
15722,13330.783439858786,65631.270174,1.0605655
15767,60089.87075954068,127256.80654700001,1.3480615
15768,28495.015981090764,104548.656889,1.238249
15775,2051.74797298476,55520.06163499999,0.8334305
15776,25123.265392492285,109804.832847,1.3151225
15849,4607.005073043576,61196.048645999996,0.783787
15850,13294.423458007219,68286.423362,0.943624
15851,10142.794900582165,67553.775795,0.8653839999999999
15852,12700.736881139615,59037.958444,0.9490504999999999
15853,10538.487553650068,60673.111292,0.9010739999999999
15854,7207.609689098647,61814.529987999995,0.9943855
15855,12079.16282548443,55625.614087,0.8296910000000001
15856,12321.277252785,58860.258999000005,0.9968305
15857,12922.435980626418,59062.383542,0.999262
15858,11080.177892887335,55626.041394,0.829701
15859,15354.97320987922,54936.113325,0.8174560000000001
15862,14137.128050902897,57006.338356,0.97116
15863,5261.392384537518,22668.65876,0.485165
15869,714.8818043701231,2689.517441,0.1959505
15870,30766.425090838926,59803.221412,1.006058
15874,19411.089672432394,64647.389013,0.9931265
15877,32443.475031941176,58934.952236000005,0.8974375
15914,43225.64930055528,53586.343370999995,1.2903025
15916,25387.783407993462,42008.311728,0.845623
15917,9768.1196360591,36623.390973999994,1.099784
16032,11446.362406702257,76985.546247,0.9145245
16037,15924.194757336702,52701.502846999996,1.174479
16038,30922.22161138466,75719.613901,1.359549
16040,16481.327515189565,63178.824107,1.5953785
16041,19969.781693709534,61881.777384,1.3502475
16045,12377.014004784933,43684.569037,1.4582915
16046,10222.744711259344,49464.758565,1.605241
16054,29249.83136408733,49552.897524,1.5760045
16057,11244.971800971314,53464.593069999995,1.7052135
16059,6750.416254915423,109804.832847,1.3151225
16084,21524.525585278483,65997.20240899999,0.9399045
16085,20973.478684960377,74095.261039,1.0492385
16096,52781.13933452721,62182.293785,0.9449595
16122,16289.401530405949,84154.68463,1.88644
16125,11676.322749838066,93169.831155,1.32742
16126,7947.063050929103,55520.06163499999,1.1112405
16127,8058.066197765507,54234.585186,0.9515024999999999
16128,13462.617876617185,53421.81486400001,1.1246580000000002
16131,13761.772698037128,49999.719144,1.0779565
16136,10468.816229445629,60364.048651,1.086128
16138,3352.799804432052,49301.52934200001,1.059657
16144,8868.118906743313,26610.370664000002,0.5619805
16162,15056.240971945823,69739.273607,0.9295335
16163,61901.392888552255,70527.751665,1.0321544999999999
16164,20959.309022185604,65844.709663,0.8807895
16167,48890.816611948525,152514.994235,1.3473475
16170,13075.408937857428,45642.567695000005,1.0022579999999999
16183,11008.018562989258,57146.51329499999,0.8787465
16271,15157.208721179979,95422.57903200001,1.6893865000000001
16272,59584.20995800951,100379.065011,1.7673750000000001
16274,13957.421177808625,94420.459592,1.5505845
16275,57608.87764512684,99280.29029,1.6230515
16290,46916.10344585954,93179.207009,1.5313825
16291,85188.67781381986,95806.101606,1.573601
16350,15203.839999764956,28811.849291000002,0.8891665
16351,16821.445319892257,30047.255735,1.0084355
16352,29670.611199945124,33829.393911,1.104933
16353,26929.116862709758,33189.933078999995,1.0267555
16354,13609.923333695053,23582.402566,0.7947825
16355,14645.43611933045,22953.430169,0.47849300000000006
16356,21686.04576191581,34028.803066,1.037739
16357,21807.929901191,34225.69745,1.147399
16358,29752.552250751123,30047.255735,1.0084355
16359,21145.83521893878,28506.920820000003,0.9606034999999999
16360,29650.850342353922,28811.849291000002,0.8891665
16361,23691.660201932806,30047.255735,1.0084355
16362,24399.631502425553,28811.849291000002,0.8891665
16370,15436.957646744202,67927.61311800001,1.0374455
16427,13695.835351815333,50346.96797699999,1.1190335
16428,23468.33459519536,71711.588936,1.352233
16429,4250.040646778783,59295.17058399999,1.3251525
16430,2221.8116968250097,50346.96797699999,1.1190335
16431,25226.432746719263,64813.619070999994,1.4176625
16445,34028.7882769868,84154.68463,1.88644
16446,32749.486745394104,73044.304006,1.6478895
16447,10924.521589598775,81752.625475,1.8040195
16450,10273.412043555412,78239.04136500001,1.4287235
16489,10380.17667762371,47249.515623,0.8563275
16490,5366.708249747104,19299.445024,0.44067649999999997
16491,6188.591525330763,22025.622752999996,0.7695025
16495,1970.0948617273982,22113.013482000002,0.49754299999999996
16499,1099.748349626364,22025.622752999996,0.5130015
16523,17134.22827920429,24328.992604,0.765438
16524,7029.570465014552,24328.992604,0.765438
16533,31526.28301138236,56052.305671999995,0.920651
16534,6602.765702417262,58700.642791000006,0.962369
16564,20745.5295929893,39860.52456799999,0.9150265000000001
16565,53382.437483144364,51003.482069,1.1539945
16566,19170.257340067397,39730.362211,0.9008555
16567,51766.063151697694,50438.177259000004,1.1433455
16570,24455.05853589568,112065.964212,1.2879215
16578,21235.222626086997,76120.293448,1.0992155
16580,12533.711438086724,87925.56116400001,1.2830405
16584,10824.902501724864,80196.388872,1.1820054999999998
16759,9346.688956473456,70267.28636099999,1.047674
16760,7262.300094864855,71403.386834,1.1040025
16761,5325.75674777439,63404.338769,0.948537
16999,18550.13190207936,78836.08571,1.133306
17300,65813.18711559268,61740.619685,1.38812
18949,27114.094161981084,55976.42264799999,1.1739465
19152,4855.855563762174,59043.500447,1.312691
19455,411.65487841620796,1915.3152609999997,0.1395445
19481,28276.55466874604,49847.912015,1.2176185
19564,3584.6800522477342,9050.462542,0.195222
19571,7001.311965294288,62768.391864000005,1.4414355
19605,33737.18690695183,67675.505416,1.512865
19671,19440.542633719284,87980.217615,0.9140085000000001
20457,54606.95278000602,94717.000568,1.475306
20458,23314.316959535237,69463.513707,1.127825
20463,21792.86582817482,62625.15719799999,0.9879155000000001
20464,15175.408498529068,42916.75786700001,0.724486
20465,32789.18850983451,100891.673415,1.317116
20466,43360.35155652271,67430.25559300001,1.1651095
20467,27093.193599940394,71512.41514,1.240257
20471,14660.29299954961,68912.108262,1.188924
20472,14738.64606664351,68912.108262,1.188924
20487,18136.203851471357,93239.99080500001,1.3762720000000002
20529,13768.52341306073,85948.66528700001,1.2548165
20549,25068.8583022001,64999.264913000006,1.0976005
20588,32616.16611259907,59995.772541,1.016012
20600,21083.241081756052,50978.654833,0.866613
20639,19651.52953165556,64606.796762,1.088016
20640,40285.309872114754,72566.30610999999,1.227919
20654,52973.733120481804,84873.128854,1.5095255
20684,61911.40639650514,74574.188909,1.2774795
20685,27652.008262624015,50662.553498,0.8793245000000001
20689,46281.2587205274,74700.617809,1.015379
20693,17519.061663236993,55225.743263000004,0.9290125000000001
20694,33060.709859393464,59912.390358000004,0.9974875
20696,6926.437997881372,78836.08571,1.133306
20700,18258.72314322012,64631.733155,1.065279
20701,20010.503666696044,91793.827659,1.2830285
20703,15954.931023581978,106799.814069,1.304381
20705,17780.449809093607,46073.964746,0.7583854999999999
20706,19587.36897234241,70735.761468,1.156342
20709,14399.67564403956,79881.039165,1.2947815
20710,18757.29242304177,62706.155929,0.9993435
20711,35613.98547467082,70598.094748,1.1117775
20713,22341.479333254094,67864.12076600001,1.065981
20717,53002.552360581394,82729.75109,1.0634815
20719,26030.987029050295,56990.719531,0.9171969999999999
20725,4345.2625779317395,36910.592384999996,0.6250935
20726,17532.834163839576,34498.716422,0.7001109999999999
20727,18477.640690166798,34159.84465299999,0.750112
20730,26015.2716120882,66822.335385,1.0953105
20731,28867.882061884862,53638.424958999996,0.8942335
20741,44889.65499401025,93180.394383,1.032446
20743,35342.47688823187,84727.727299,1.1509585
20747,20046.85516337604,89455.35305099998,1.378428
20749,35113.28373632248,102106.088104,1.470957
20750,23936.36851638749,68249.03132800001,1.1526105
20755,55657.42462836455,74251.777507,1.2296655
20762,33397.138440854105,77872.40525299999,0.9302555
20781,50783.9847353395,75946.95904799999,1.2260045
20782,53851.39688186406,74929.10357600001,1.1485555
20787,22409.87162527714,74702.31116900001,0.921391
20788,24946.806127028776,92313.863384,1.3461990000000001
20789,37916.5464286042,88033.27187299999,1.1269069999999999
20790,64579.65393695143,96288.23696299999,1.2211954999999999
21781,6752.427929592913,14011.788997,0.90977
21782,7660.958020563963,43675.982422,1.3940055
21822,6534.43926961322,47856.21564,1.056777
21848,7864.029006128303,46283.721619,1.5338304999999999
21849,56269.69283470397,55578.782043,1.8165945
21850,7329.439933838226,11042.097387,0.37685050000000003
21860,5630.104921337299,28018.696639,0.863732
21880,1629.771860229876,25963.357233,0.8611325000000001
21940,2123.4283013266963,33568.021524,0.6979080000000001
21941,15986.685633370413,28592.788675999996,0.903489
21942,22958.68259739233,26946.557541000002,0.9318015
22077,3501.544948256832,13852.801574,0.887149
22146,4659.290838989856,67927.61311800001,1.0374455
22157,12710.301632786206,79622.516994,0.9311254999999999
22158,5115.667094347506,79622.516994,0.9311254999999999
22275,2750.727878265598,19501.326537,0.6530265000000001
22602,4307.979691366796,16099.120267,1.045326
22603,26740.808188623883,100033.698399,1.5290725
22605,15414.868346012889,96268.92043,1.5911085
22715,41302.59985053293,76380.77739,1.2528985
22716,3522.1673103114244,70101.25209600001,1.099375
22740,3056.096657790618,62174.226816999995,0.9703035
22743,51368.796920710396,68394.60888300001,1.0383505
22756,11173.087524660958,58934.952236000005,1.0470105
22757,20673.999455207828,36623.390973999994,0.733189
22761,8086.687408218588,46460.796122,0.783979
22937,6368.372763772544,47856.21564,1.056777
22953,5195.088193409543,59450.75437799999,1.094149
23000,8075.16939438123,46283.721619,1.5338304999999999
23044,20929.545608025786,19448.644732999997,0.6366040000000001
23053,30317.090845713836,19742.652429,0.6547145
23128,62625.86224206571,22224.378083,0.7586390000000001
23142,45268.37456180836,23598.551422,0.8111824999999999
23435,6337.8324182575525,21445.90846,0.532068
23544,21703.06838195371,80063.260888,1.4843085
23557,55760.123424396195,82942.431928,1.8303525
23558,51259.30493595238,81752.625475,1.8040195
23851,47913.42501939763,83077.307904,1.3355095000000001
23867,16759.638386802115,33233.139443,0.7706575
23885,11263.58432546195,27648.025306,0.960361
24091,19570.32770473748,49977.725438,1.106589
24140,33786.926772593666,68522.61770999999,1.0481525
24143,4473.966193901704,64661.100344000006,0.9597405
24158,60364.565870221704,56970.73946,1.193324
24173,758.56536330887,2461.0367690000003,0.08347249999999999
24186,28825.65336709658,61740.619685,1.38812
24212,335.43429120624495,1726.239823,0.1553615
24224,285.43368740104694,1915.3152609999997,0.1395445
24499,3717.208605979789,81864.763792,1.2515855
24523,2306.0224688631088,97441.31275799999,1.463201
24696,3147.0052400921054,56514.415733,1.0300485
24703,44200.53048515221,80334.073934,1.2978715
24704,44042.556575655246,113550.40085100001,1.783286
24714,4589.173456937989,15294.135048999999,0.9572165
24750,4214.281339197652,13701.014468,0.868532
24770,4706.401840072218,17244.241443,1.0743915000000002
25025,15324.117924123137,46460.796122,0.783979
25099,39196.126480603096,118613.31711500001,1.4501585
25100,47095.10073869524,119219.61716,1.580227
25104,14515.435727999,116739.87235,1.5504944999999999
25105,11815.476678633337,145880.88844399998,1.343573
25128,28297.487820747596,91679.65693299999,1.152094
25142,41339.85045432412,77738.853724,1.2523525
25162,3830.68688944428,18694.020287,0.5960795
25163,9528.300552731576,65631.270174,1.0605655
25259,5741.62388356572,18694.020287,0.5960795
25357,551.46931875324,2480.966883,0.1366385
25364,1639.942323263829,4916.380587,0.16876100000000002
25381,18517.483153616166,13852.801574,0.887149
25386,12675.982913390115,11432.184143,0.7065195
25387,156484.0564824999,117003.11154,1.517071
25406,45704.351850520994,115393.46650000001,1.6265815
25409,24568.48457710767,61583.020829999994,0.9537975
25467,3853.693566885599,12315.582550000001,0.48910349999999997
25531,9174.982630035815,25181.990327999996,0.36033499999999996
25532,1585.9365688671116,25181.990327999996,0.36033499999999996
25533,8938.413295149443,25755.256547,0.35203599999999996
25742,6191.076703268411,63295.02932399999,1.4242495
25749,35453.365596862604,16263.151236,0.5504745
25750,13048.104731666112,100721.787872,1.2057575
25751,57926.61730615985,104096.942333,1.4438465
25811,11414.4214851553,24669.589025,0.526585
25812,5798.463552381123,24669.589025,0.394939
25822,24885.226600060138,8676.067694000001,0.19053399999999998
25842,30664.793872927497,100517.23825,1.6418405
25843,14882.139980961612,98386.508052,1.749239
25848,8311.386226556304,90313.66786799999,1.2092015
25849,4826.593491264966,66293.897361,1.082166
25866,9756.872538079304,43644.560968000005,0.9537505
25867,24126.746432484753,109757.32958700001,0.9634205000000001
25869,64936.97310562621,104496.03834,1.7222095
25878,22650.2632472633,87368.615815,1.221795
25879,9830.170284405334,82666.264682,1.2578585
25883,3238.7747037584186,35446.418488999996,0.7489605
25886,1840.1370412390697,5008.783885,0.3126975
25887,9366.352976873317,32933.711766,0.6677255
25889,50752.47327775568,32933.711766,0.7592995
25890,3740.359406415856,33568.021524,0.6979080000000001
25891,51400.62256344909,33568.021524,0.9376289999999999
25938,22596.624969321125,60728.718393999996,1.141947
25985,41837.81082976398,107336.711717,1.312663
26014,52332.73762244131,80880.260468,1.118925
26017,75687.21546219329,84576.25370100001,1.1906305
26064,60079.323759094055,80880.260468,1.118925
26065,65074.56903411748,84576.25370100001,1.1906305
26117,10953.020374533184,16099.120267,1.045326
26148,3154.5457030787516,83135.231464,1.0008845
26149,1368.077139804019,50662.553498,0.8793245000000001
26150,7246.967795965183,28014.317618,0.8659945
26155,5880.489390773907,29656.155363,1.0048175
26156,8072.779205797486,24263.929541,0.8033565
26190,21958.635036136064,94623.186001,1.412521
26200,14987.307282541258,91993.513768,1.1240325
26279,32017.639885812532,109757.32958700001,1.348789
26293,34976.51352764426,102882.992104,1.6628795
26294,15167.885228614194,116683.22072600001,2.052401
26312,339.04219847389606,12983.655592000001,0.2696775
26317,4041.7668528498302,12666.224335,0.261945
26417,71250.59231888552,104172.55849899999,1.711317
26433,7357.330602663756,19399.020212,0.305072
26523,27601.556815579243,97169.078092,1.5893505
26546,32295.908245986568,85169.208211,1.4062855
26547,14494.63183974532,86468.00596400001,1.4207605
26561,6513.927632567004,82208.15569200001,1.4102919999999999
26562,19484.1850054896,79501.32612,1.4211875
26563,38750.50264706113,85824.620266,1.522999
26564,25351.267425860442,85774.83599,1.5156265
26622,20585.350491127905,98795.613862,1.7438999999999998
26623,20959.565327490272,58320.645902000004,1.068891
26667,26291.685415298387,59323.198002000005,0.9271605
26675,30099.277133050862,59181.927122,0.9472215
26707,16305.205966911646,83135.231464,1.0008845
26708,28725.69323339154,78748.45645700001,1.0693335
26722,3883.8625718719095,90607.76672599999,1.310527
26788,13005.931802278013,93765.91256,1.307722
26791,18041.639024478543,91827.234979,1.2994035
26870,30043.627088678903,111400.184243,1.722755
26879,28619.557331970816,112583.22842700002,1.8741094999999999
26911,8962.716892297563,50346.96797699999,1.1190335
27014,6527.915553870011,19378.632767,0.346399
27015,2275.879242362682,11713.645074,0.246905
27131,7870.689057448776,91993.513768,1.1240325
27154,5515.62459286932,14649.96678,0.239406
27155,4964.472141434979,13170.072877999999,0.18353550000000002
27157,740.4270985241799,21089.381598,0.6703775
27161,1981.772678707497,13363.899029,0.436273
27162,6477.2373564724,23844.844322,1.5543155
27165,38227.83361039222,54376.749401,0.8206595
27166,42091.5232493244,60915.1532,0.9273324999999999
27167,43459.17689249602,63381.452151,1.0178955
27168,31784.14018798296,65914.73954000001,1.060873
27169,112322.96880316212,65996.138571,1.0184525
27170,40830.052466655965,60587.992782,0.93401
27171,60740.39194651914,67399.131221,1.077314
27172,157831.333866646,67821.89607399999,1.0839655
27173,43147.268262494734,62491.608782999996,0.999751
27174,21992.592579291453,59323.198002000005,0.9271605
27175,18276.326006107553,59181.927122,0.9472215
27177,40139.112204712495,63494.07392100001,1.0013475
27178,41265.002088587964,62828.208804,0.990139
27179,167617.97794018156,66184.758203,1.0221465
27180,121251.12186358454,67648.596096,1.081485
27181,77881.31145965049,63323.859173,0.9613615
27182,62971.45050125186,59228.895079,0.959121
27183,64211.438770600114,57120.601537,0.86537
27184,42501.07682601729,57362.959079,0.930169
27187,8695.142770127033,57570.764000999996,0.8667825
27188,10632.53226358452,54619.920804999994,0.8890515
27189,86870.66903801415,68084.19665499999,1.0767575
27190,18259.63686929776,68084.19665499999,1.0767575
27191,85775.88570925895,67280.95634,1.053711
27192,17086.806234019077,67280.95634,1.053711
27193,125993.75017105736,67280.95634,1.053711
27194,123299.39079505851,68084.19665499999,1.0767575
27195,181180.36567291163,66507.51307,1.050616
27196,181546.33656030503,67195.03518800001,1.0564845
27204,1982.16281152512,5615.31936,0.21188949999999998
27205,3967.0816062946824,7768.750967,0.2817285
27206,3514.8525489091357,7947.5519810000005,0.265929
27207,3512.1714693533,6033.207595,0.2148855
27208,3290.0927508844798,5231.27091,0.1935005
27209,3542.0976629512656,6151.087634,0.2309915
27210,4463.87373264592,6340.51358,0.22287200000000001
27211,3531.77575556102,5893.797695,0.2224885
27212,3138.5265455979265,5096.491587,0.19643
27213,2325.0988085249337,5465.252598,0.21346700000000002
27214,1614.1818771812443,5466.632836,0.213546
27218,10115.525904038623,36180.632310999994,0.771504
27223,22848.029371484932,36525.931445999995,0.945188
27224,5415.9074341726555,32927.052407999996,0.8537560000000001
27229,22166.031280615734,38244.923972000004,0.9258525
27230,6200.004919657064,32622.161582999997,0.787294
27235,10898.533060720385,35446.418488999996,0.7489605
27236,18283.440222972782,34058.664181,1.0801085
27237,11818.790898065963,33194.841348,1.127661
27238,12059.160963851611,37769.623605,0.975465
27241,21239.440103175337,41448.794759000004,1.06099
27245,22518.163791007613,41820.576196,0.928149
27247,23194.568289348295,48520.547175,1.1117295
27248,5977.294888783957,41750.507371,0.9469905
27262,10593.120524351936,68100.188518,1.0224564999999999
27335,1713.1691298042874,5616.506012,0.21195750000000002
27351,239812.57220205062,69499.987534,1.1129145
27352,232756.29011647246,67358.04158399999,1.0299035
27412,3473.1120286600544,23207.147201,0.6903984999999999
27504,4534.911421419756,32331.717938000005,1.0920685
27505,7594.283444295562,32719.454054,0.6575775
27507,18773.32049246495,34691.528213,0.8056725
27511,3978.2303666995917,17830.243176,0.279451
27512,6406.324984459399,23192.751399999997,0.49513799999999997
27517,29149.67102285625,58372.30743,1.0664055000000001
27518,28344.08078050093,57106.98418299999,1.0403485
27519,492312.80044544616,57106.98418299999,1.0403485
27520,503056.5731209527,58372.30743,1.0664055000000001
27521,39010.66948919675,58369.584131999996,1.066349
27522,38061.84579576614,57104.132416,1.040294
27534,27738.07010403879,8579.286943,0.3078165
27535,39011.33706401322,6351.710721,0.2232105
27536,38655.63925620714,6196.512065999999,0.23257250000000002
27537,24810.75721661782,6066.5379920000005,0.215811
27538,24265.074424106977,5902.908563,0.2227565
27539,44206.88676788263,5802.880953,0.21716850000000001
27540,42941.349790481334,5651.295222000001,0.219116
27541,17603.208261227483,5466.632836,0.213546
27542,18503.927279906748,5616.506012,0.21195750000000002
27543,8217.068695633141,44498.368329000004,0.845096
27544,8145.700451500165,45881.850905,0.8389215
27545,6962.9112057245,47398.987105,1.077325
27551,14846.078232570146,68256.57566100001,1.056955
27552,8485.791953219119,42471.856341,0.8874354999999999
27554,12262.134010114769,70596.186455,0.9924755000000001
27555,16883.805658345667,73206.056602,1.1337345
27577,10655.361964889004,65954.60375899999,0.903302
27578,14002.62610447162,72546.82850799999,1.180824
27589,6658.772308011855,51146.179905,0.734602
27594,8463.763611723132,72194.237365,1.106811
27597,408089.9659336134,57369.959998000006,1.045435
27598,416020.0521130725,58986.584475999996,1.0796325
27599,4539.912359595288,58320.645902000004,1.068891
27600,15432.324451203238,61621.337222,0.7921914999999999
27601,7716.190457943538,42792.362661,0.9155495
27602,10626.624943038514,56924.281889000005,0.8857415
27603,11857.44272213792,69796.056921,0.9384175
27605,22760.421852071217,73206.056602,1.1337345
27606,11864.954585906838,41714.99596,0.6395425
27607,12215.338557664689,44562.986778,0.6760265
27613,31371.08778397177,61948.124508,1.005711
27614,12596.30455587152,66293.897361,0.9410135
27615,957.2373055210049,3011.951385,0.219442
27658,27421.92817681924,65630.201499,1.0121045
27659,21599.4083244807,65846.775826,1.016565
27694,7227.147165004681,15217.609629,0.2492965
27706,6210.434713821179,34249.917077,0.375859
27716,26493.607631617037,41251.192695,0.9001035
27717,25165.112623383004,43006.713002000004,0.892387
27718,21660.878616040925,48073.816437999994,0.8341054999999999
27719,18285.922559178118,45521.173118,0.8247285
27720,15578.381065067706,43426.998613,0.7496015
27721,20268.184006663436,41727.02348999999,0.9105695
27722,4124.616051922233,29200.4048,0.5307265
27724,10801.516004216233,28371.929236,0.659849
27737,29069.229249643588,48073.816437999994,1.000926
27738,23778.051801025536,46348.159429,0.97912
27739,15341.73391839184,48073.816437999994,1.000926
27740,14586.638599381464,45521.173118,0.9896745
27741,34879.66600875372,45521.173118,0.9896745
27742,20349.68992516485,43381.676425,0.9473779999999999
27743,6286.0468474663085,10946.952861000002,0.14835700000000002
27744,2489.155613376793,30499.125314,0.6356155
27766,5385.533646637732,33345.512248,0.7763300000000001
27774,5182.91500009248,20016.664736000002,0.649308
27781,18069.781427855633,58694.800974,0.9267019999999999
27789,16818.162575733455,66034.892282,1.148255
27790,1898.286993782533,79656.203843,0.967919
27791,10330.201177115085,85545.361156,1.370965
27792,9682.713149714087,82894.263661,1.2281665
27795,17851.857204101958,78311.358151,1.2626555
27796,10352.903239445272,73808.545413,1.2726005
27806,9329.380779067298,84338.722261,1.1768285
27807,9275.870436588712,82080.085272,1.218976
27820,13175.580216143419,106487.40567,1.3921379999999999
27824,10062.1333733022,85598.752644,1.0458615
27825,4042.2384795048374,117928.595837,1.539716
27832,12295.715281713945,94623.186001,1.412521
27834,16072.405157942258,83922.873304,1.177677
27843,5909.498724665988,40867.054796,0.635324
27844,13620.922443487822,40364.388229000004,0.627691
27845,17552.133560415503,54598.921096000005,0.7280685
27853,6804.916974920638,17537.858203,0.5592175
27855,2292.5550035233655,19739.751535,0.48064850000000003
27856,3834.0425847185097,20078.672459,0.500991
27857,446.966569959003,3880.827711,0.2474555
27858,630.413295857973,3880.827711,0.2474555
27860,6380.048039315335,18780.700295000002,0.2718715
27862,480.83180275961604,5689.105312000001,0.22131699999999999
27864,4170.257216355047,18035.806507,0.2607405
27866,1181.715481933407,4591.450859,0.1474455
27868,1034.347614985344,5689.105312000001,0.354107
27869,1255.154562602682,10728.000159,0.660676
27870,869.2211806148824,5336.344708999999,0.168594
27875,14129.73622745043,21714.236887,0.3521415
27877,4458.51068846194,22424.860117,0.3645165
27878,8802.591795419434,18035.806507,0.2607405
27880,5533.516144856267,22394.558078999995,0.3630385
27883,4896.381292802473,17910.008094,0.288786
27884,13109.542317131338,18748.353301,0.3023465
27887,7348.497911435032,16766.559304,0.240259
27888,12028.221076858918,17412.798022,0.2490915
27893,10273.560915009995,37494.747865,0.539782
27894,9667.478213167491,35003.885877,0.5850535
27898,17133.676299925588,38933.625481,0.5229505
27901,6064.834073735681,44547.527774,0.5944945
27902,11789.165576214675,36059.000175,0.557165
27903,20072.665630617328,37497.904227,0.635173
27914,22741.882758859825,60941.603159000006,0.89295
27915,22754.835469080248,53945.315742000006,0.8331105
27916,22061.260915123472,60013.168724,1.0185445
27918,9684.03949899588,59382.140661,0.79961
27919,12076.175972944528,65105.94373099999,0.9553105
27921,27353.922240636686,63299.043917999996,1.0764704999999999
27923,23801.599240054125,58156.369625,0.9081405
27924,13626.875571393311,63259.593576,0.8571975
27925,15389.689751772094,67894.69163,1.0016105
27928,19960.37392414326,56958.685535,0.900842
27929,17276.143642708896,61414.496924,1.0554845
27930,16583.299004073906,63708.654294,0.872212
27931,24146.5218382269,74056.818313,1.0920045
27933,28363.881355485646,71561.088194,1.223459
27934,24365.188471963498,61834.929986,0.9821325
27936,8150.784185904,76033.43457,1.128263
27937,7676.409740120723,67055.178156,0.924074
27940,25919.547554676697,61365.61608099999,0.983692
27941,29408.8800452345,70909.367205,1.2224545
27942,22433.40319377744,69933.921048,0.9680095
27943,25717.420038330598,81202.562742,1.200298
27945,11577.280893812209,69933.921048,1.1208525
27946,30491.459078148167,77764.69483,1.3332535
27948,33257.07848117747,66249.42426300001,1.1394535
27951,23137.06563010796,58589.534161999996,0.9301794999999999
27952,23692.228115227343,69125.74835,1.10869
27956,3779.215604425268,30281.691034,0.4998345
27957,7945.57239893878,36185.319241,0.660551
27959,12174.965009539103,35638.494396,0.6082625
27962,12005.883153672381,27838.437994,0.6229825
27963,14587.021205558976,42733.953055,0.735923
27964,14997.205902294252,38245.885002,0.836315
27972,5349.007117080647,29106.599539,0.6545105
27974,9927.170914257154,22173.761644000002,0.463826
27976,7365.207210553801,26821.291867,0.559761
27979,11792.172029878617,23254.593918,0.5261645
27980,10814.094101008453,49839.817589,0.8301740000000001
27981,12313.677293537306,52983.474151,0.8786235
27985,10357.0508148097,48613.240154,0.8043779999999999
27987,8095.73119351129,52997.101255,0.8710055
27988,14650.686420332559,47045.689726,0.77918
27989,24672.291859254346,50662.41444300001,0.7820125
27993,11140.751804579695,45764.79062,0.708005
27998,5584.170734299416,53417.615932,0.794487
28000,12450.319820082148,53159.92322999999,0.913715
28002,15204.140188744055,54355.24416999999,0.8758839999999999
28007,17255.04050401387,49998.813429999995,0.858148
28011,23505.838981268025,56196.286662,0.954708
28012,16375.18241098493,56729.252606,0.9088725
28013,5383.152238288546,56729.252606,0.9088725
28016,12794.871134060757,48508.600967000006,0.8278425
28073,1849.2996538968532,24263.929541,0.8033565
28084,4701.539556287292,29815.833722000003,0.6568295000000001
28085,15182.011008367577,35626.146335,0.640576
28086,22081.560734745035,37925.447301,0.6745555
28087,1744.4452103528997,24149.58414,1.5874745000000001
28093,28041.94580904446,40594.670377999995,0.6222234999999999
28096,13257.708624323615,57810.364165,0.7054185000000001
28106,19652.38785774298,50794.357878999996,0.7651215
28118,14677.30552582878,68575.20803000001,1.1244855
28119,48553.90272829698,80256.269117,1.2713485
28120,31440.658905524888,71900.16320699999,1.174061
28123,35567.3190299575,67826.85532100001,1.0799965
28124,29742.001601905224,65918.624856,1.0782965
28126,8252.50239573051,66898.97115400001,0.9500415
28127,13245.350021528002,70716.88703099999,0.9758285000000001
28143,13891.436191956864,64926.649815,0.8957535
28144,8158.352125600913,62181.035889000006,0.7326705
28167,4545.552541063913,28274.339978999997,0.6099304999999999
28178,9862.69173080198,50434.104455,0.913542
28179,9191.553031621774,43682.559069,0.7503744999999999
28182,22316.205723477142,41923.404871,0.9265605
28184,17040.33756932616,35359.706439999994,0.7324875000000001
28186,13476.830397449998,37409.868749999994,0.772788
28188,13090.53754709308,43603.149514,0.961692
28191,13614.004026697501,28642.669500000004,0.5960015
28193,17509.817500086592,31455.986311,1.0706295
28195,3858.4901555748,36298.119996,1.217916
28197,9660.526848215422,36298.119996,1.217916
28199,14039.599678128001,33619.73103,0.7988069999999999
28200,8684.716129588458,29656.155363,1.0048175
28203,9999.284399367474,24425.911883,0.7601615
28205,5036.796057696181,23115.066281,0.7964680000000001
28206,36870.69588125559,26592.371863000004,0.9039845
28208,31725.784708770094,24460.501957,0.7614175000000001
28209,5201.42987983783,19408.972241,0.607709
28211,4804.5103403125495,20910.90455,0.720667
28214,5987.675630281858,24800.362956,0.7694485
28215,86564.17542238241,25631.63276,0.875956
28216,84277.61014736656,24955.423679,0.773949
28219,12708.69350127342,22013.028169999998,0.7517125
28222,31123.520494101205,22078.899368000002,0.4573015
28223,49230.595652237294,22777.558825,0.7747835
28227,10466.733444480744,14976.674375999999,0.317918
28229,8793.89626807188,15082.188552,0.516499
28231,36110.444910804996,15420.848128,0.5279085
28232,34491.495729947244,15248.971316,0.323115
28235,5111.920322428476,11213.991213,0.238733
28237,5262.783939914983,11173.591492,0.393119
28239,28755.22107473108,11625.988919,0.408058
28240,29266.194155595524,11740.680613,0.2488695
28244,6377.854757118534,11625.988919,0.408058
28245,6451.574440927179,11740.680613,0.2488695
28246,36670.85200712676,12401.022226000001,0.435151
28247,36916.05364924542,12471.707161,0.2630615
28250,4879.7748883323,8445.1617,0.3021785
28253,5773.5000943389905,8644.89249,0.18968749999999998
28254,42493.90550373816,8488.120022,0.3037385
28257,5489.663104774539,8394.583563,0.301411
28258,4349.15053649433,8586.911655,0.28328549999999997
28260,6866.017623073916,8602.749243,0.3085215
28261,7269.797554310482,9118.809422,0.30138
28264,31519.491059542946,9066.193212999999,0.300037
28265,4849.994743722376,9063.005228,0.299912
28267,6333.228359302747,8551.794839,0.306829
28269,20958.258389900275,8051.785578,0.2691515
28270,20367.95952348529,7860.884121,0.285458
28276,11823.607712297553,22016.948459,0.7008695
28279,13210.773586756372,26644.400943,0.860927
28280,11029.158685268023,34711.378475,1.1090995000000001
28281,23178.780673226414,31182.733534,1.0039295
28284,9225.088723945275,28013.557897,0.9054945
28292,5106.645570068812,27648.025306,0.960361
28379,7424.617346001414,33148.128858000004,1.1201619999999999
28380,10967.006156637504,32190.761508,0.662618
28381,7236.257851667844,32190.761508,0.662618
28390,15781.99676001251,62271.689512000004,0.8582555
28396,12460.8368735235,44640.496636,0.7279724999999999
28397,19534.672081902532,59636.202311999994,0.784356
28417,12316.38611344439,54245.020341,1.16406
28418,7331.5399692081955,54245.020341,1.16406
28453,28583.413046043683,24928.14874,0.8164049999999999
28455,14388.350454291427,16561.348418999998,0.580515
28465,16281.171781632,28269.8496,0.6915135
28466,4698.849051438323,22397.122225,0.7331715
28472,3886.038350382789,12195.739850999998,0.4271645
28473,17064.829865711796,35301.529298,0.874289
28477,2985.943871304108,17244.241443,1.0743915000000002
28479,26529.22192949636,91827.234979,1.2994035
28486,19786.60117877503,56514.415733,1.0300485
28490,14575.749487353045,76939.214481,1.1896315
28492,9477.522259833468,80157.669913,1.426199
28493,27814.884121649055,74178.167344,1.331683
28495,37523.729572777745,69557.30135000001,1.2107995
28511,19411.069398631822,71084.851809,1.2368975
28512,18641.819054033742,66048.124877,1.160391
28515,29931.819063608924,68796.917919,1.2309765000000001
28534,18853.772080742077,39105.973783999994,0.9044615
28535,20909.544262621916,42669.539285,0.9429085
28540,19628.66030072748,41185.026974,0.9478800000000001
28564,48902.39636870039,67195.03518800001,1.0564845
28565,42181.79159702986,66507.51307,1.050616
28568,39343.84039254509,58158.618864000004,0.875464
28569,35351.75307335616,57123.067968,0.925096
28587,37074.75279588417,98120.812591,1.252815
28588,38984.139937872016,92963.91756200002,0.991211
28601,9004.27007657564,19481.581492999998,1.2446545
28611,11902.585304238513,23480.343536,0.6990295
28613,13327.213325015358,25066.56032,0.7491425
28615,6123.6395859921195,18537.83341,0.5536005
28619,2514.60148856627,18537.83341,0.425846
28623,7539.163444613113,17227.293997,0.51251
28634,8854.428736162386,33148.128858000004,1.1201619999999999
28635,8974.722820737716,28014.317618,0.8659945
28636,21804.665763176436,29695.260755999996,0.9162939999999999
28637,26267.432206267873,30610.405999,1.0344295
28638,10736.916543628186,26401.453096,0.8968475
28673,16805.223557780075,67927.61311800001,1.0374455
28675,13812.964073339535,39851.028009,0.870273
28676,22597.878404382685,41433.890979,0.8706484999999999
28677,13317.52675553165,43644.560968000005,0.7947915
28678,15373.612508740845,38210.974707,0.804828
28695,38423.88561148035,83801.082219,1.1604725
28696,16739.555192223674,90556.037458,1.112914
28698,18325.752210449333,71965.600129,0.991162
28700,12751.393125968149,64387.642588999995,0.8196494999999999
28701,13971.57994301502,82976.481429,0.933761
28705,14371.15712903139,77610.612567,0.98665
28706,31214.377376328564,73834.22242800001,0.9368329999999999
28708,12093.586234376651,86346.986494,1.060042
28710,16029.293934456264,78637.417628,1.3579305
28716,22037.209793465372,73887.886061,1.1738785
28717,10134.838172431319,78634.12762,1.259089
28718,18631.856531707872,75850.87214400001,1.311469
28722,21208.43020430006,76398.143414,1.2239285
28725,35379.3220359965,83463.25361,1.44201
28726,22610.015446053152,85233.970845,1.1815375000000001
28727,27049.713101268248,97290.62727499999,1.6598605
28730,22877.07819499196,93775.811912,1.384496
28735,18412.67429738213,74784.125394,1.2909680000000001
28736,26475.57007135243,73201.844927,1.1506830000000001
28745,12964.825853991046,78996.495555,1.080053
28746,8636.894019212936,75854.717763,1.1335205
28747,14768.229290190642,81649.265733,1.0710035
28752,9070.276901458175,27962.059392000003,0.576491
28779,323.7889320883679,10419.260267999998,0.3461355
28781,901.2296998438989,12315.582550000001,0.48910349999999997
28787,28586.072426740517,39070.372452,0.7102795
28789,27918.934589452514,39229.452705,0.5983875
28790,11154.386643433485,30536.621715,0.46583
28791,10904.939122140573,29616.810172,0.5511125
28792,23399.926433393703,37106.22313500001,0.6704089999999999
28793,36152.07996069886,59165.995601999995,1.303657
28794,5398.51154089214,22303.843684999996,0.6831265
28795,30509.568302563694,38593.228826000006,0.597098
28796,16433.36752546467,61583.020829999994,0.9537975
28797,6333.866934727355,16289.385534,0.5110685
28798,13786.604305109337,63464.010426999994,1.42946
28805,28076.49572179476,80525.938215,1.27965
28806,2323.7158325003284,65397.833854000004,1.026192
28809,33864.219260947335,116540.891812,1.546989
28810,10346.01146066872,118052.595998,1.44416
28839,9779.788456723725,52827.456053,0.9944295000000001
28849,12646.827421429967,45196.457072,1.0261665
28850,8028.961824703055,47398.987105,1.077325
28868,17242.253512355408,29137.979217999997,0.923448
28899,67172.4545261891,78935.594723,1.201963
28902,7271.342116315598,25640.785359999998,0.8158675
28904,9875.076241175233,31202.154405,0.6537435
28916,3413.4478816766396,37408.46793,1.2595835
28920,2280.338372543088,12305.068464,0.256257
28923,6466.05523964988,12983.655592000001,0.2696775
28924,10954.950389564674,24669.589025,0.376132
28925,323.29270992654,12666.224335,0.261945
28929,9290.773685906624,46616.794125,1.202741
28938,7678.7649331792,24207.6548,0.5194835
28939,7278.192608761354,22919.254462999997,0.486119
28940,14264.09177276014,23933.600601000002,0.381614
28941,12474.953242560978,24867.851444000004,0.5353935
28945,2775.161030300691,16084.067151000001,0.343194
28948,6320.71670899998,16084.067151000001,0.343194
28949,6046.290746071951,11713.645074,0.1851785
28950,13562.708587098528,19399.020212,0.305072
29016,64650.84184401409,56430.104256,0.92816
29018,6293.310146544871,62957.025135,0.9026155
29019,8331.294627685491,63954.54503900001,0.7034155
29023,20160.314083696172,60082.833396999995,0.7390789999999999
29024,20856.677594514607,59340.936389,0.981788
29025,91372.76288559698,54224.29491,0.836759
29027,17299.06429218136,63206.32058,0.7769739999999999
29028,10547.401655380461,61456.80739399999,0.8854115
29033,18153.414460934386,57989.05111000001,0.9653965
29035,24028.088148580828,60497.940813,0.742439
29037,8754.636075281624,59559.804307000006,0.869717
29039,9941.344768004978,73545.887965,0.801173
29041,16576.301139122595,66256.174987,0.9639315
29042,17728.84749816314,73986.41824099999,1.067751
29045,33297.27071446806,71473.309538,0.8707195
29046,7800.395982514825,46460.796122,0.783979
29047,23778.867152354826,43239.178148,0.6533720000000001
29049,19078.432839323938,61497.307948,1.0060095
29050,19958.48146368069,60148.881205000005,0.78242
29051,7899.442413189962,56647.537186999994,0.919777
29052,17853.600286287154,48295.526021,0.7103105
29080,8083.2633490974995,70596.186455,0.9924755000000001
29082,15421.891350106005,67418.398988,0.869701
29086,13887.537802405044,66022.038833,1.067219
29088,29364.633042364047,73206.056602,1.1337345
29089,11284.939731077684,66034.347003,1.0231999999999999
29090,30870.4416054153,70596.186455,0.9924755000000001
29095,23185.92459368724,65935.601512,0.8567075000000001
29097,17767.6983556134,39841.461915,0.8716695
29105,21411.554756821657,61599.853727,0.806931
29108,14988.313088322575,68196.582454,0.826826
29109,13390.759484596452,65132.370677,1.1039475
29111,6078.987244774677,67945.938713,1.1465969999999999
29129,970.4091601576961,20325.258884000003,0.721696
29130,11713.146267803524,16780.963762000003,0.619123
29146,1752.5707311976635,2461.0367690000003,0.08347249999999999
29148,994.1727183890852,2461.0367690000003,0.08347249999999999
29150,769.994215376784,2477.474808,0.1364195
29157,5384.165753681739,26302.768519,0.5776775000000001
29158,6760.335561107559,25894.454466000003,0.5689025
29159,752.7721471785841,28371.929236,0.659849
29160,4058.083857263341,29200.4048,0.5307265
29161,9359.203089517923,29200.4048,0.5307265
29167,10604.833138161339,28072.418019999997,0.960387
29168,13240.687118002523,27101.677429,0.8279795
29169,19988.655201712347,27865.627063,0.855372
29170,6988.562891251034,25815.489861000002,0.794973
29171,10629.893280022918,27093.644221,0.9002549999999999
29172,6602.504347503931,27093.644221,0.9002549999999999
29173,9214.6067664752,25815.489861000002,0.794973
29182,27057.526014517112,61052.716405,1.396933
29183,19280.74353945282,59902.45578,1.307612
29215,19125.298046893557,8676.067694000001,0.285802
29224,9822.784046058461,67340.68738,1.1580915
29232,22679.907578898263,79592.02805699999,1.3791215000000001
29368,32942.83237753637,14774.942554000001,0.480918
29409,5495.697264076721,19952.89463,0.6669780000000001
29410,4144.822280194333,15549.166338,0.5105715
29415,29152.611604020025,18790.962684,0.6668535
29442,26737.300599261758,19566.906721,0.6579389999999999
29488,14602.553511736769,13400.120499,0.833938
29490,25324.558215457277,13791.64972,0.882694
29492,6075.97729837214,13852.801574,0.887149
29533,12208.88706817814,11218.279347,0.6981845
29547,6381.582374832316,11432.184143,0.7065195
29548,6298.712168605858,12882.303599,0.8012954999999999
29550,8460.736785093804,15463.116159,0.9728475
29551,11232.08285245826,15463.116159,0.9728475
29553,7646.507821518694,11432.184143,0.7065195
29559,16575.370895156968,15775.640571999998,1.0017559999999999
29565,3884.422530960618,13852.801574,0.887149
29570,4662.095940759729,16099.120267,1.045326
29571,9221.491393375598,13852.801574,0.887149
29573,9663.513039387017,16099.120267,1.045326
29575,20003.639905355507,16099.120267,1.045326
29577,9999.85586000518,16099.120267,1.045326
29587,29772.43875516189,16160.735807,1.0510255
29716,5489.742134814081,12994.856576,0.829399
29750,11168.984788226791,13701.014468,0.868532
29752,4050.9999555481168,17244.241443,1.0743915000000002
29753,3281.571078274084,13701.014468,0.868532
29756,7807.07525071292,67340.68738,1.1580915
29761,4506.090531282647,25181.990327999996,0.36033499999999996
29772,1464.727195084437,25755.256547,0.35203599999999996
29816,6653.86433552609,99280.29029,1.6230515
30080,27356.53495864702,73441.348095,1.630754
30706,6984.684668330544,83135.231464,1.0008845
30776,44748.8609785299,104496.03834,1.14814
30782,6736.604728698995,12318.498083999999,0.262478
30784,1272.475118909744,15027.932056000001,0.515266
30791,3697.3093543570562,62768.391864000005,1.4414355
30792,31088.845141577898,65172.360236,1.5016144999999999
30805,10071.291505932628,13852.801574,0.887149
30813,11750.631711966504,66103.199383,1.109295
30814,13968.655369272323,66103.199383,1.109295
30815,4712.468334546838,90607.76672599999,1.310527
30816,66685.57505051998,86203.81006399999,1.2750805
30817,14837.61159383141,69422.292949,1.0188605
30818,7297.087814116973,74124.128516,1.0794365
30820,3463.07518064001,35626.146335,0.581575
30841,6693.254132232492,73808.545413,1.0990635
30842,11823.529648824167,79656.203843,0.967919
30860,14338.48633565207,66034.892282,1.148255
30862,16961.95289955161,106487.40567,1.3921379999999999
30863,11615.730832752826,117928.595837,1.539716
30864,10769.698006069799,80196.388872,1.1820054999999998
30865,9718.325458188272,62706.155929,0.9993435
30903,18246.543928458825,54422.340786,1.743722
30904,5093.484130774164,54936.113325,0.6539649999999999
30981,1780.01930954601,2480.966883,0.1051065
31013,5767.481406731407,5948.837672,0.191916
31014,4003.0869474718197,4562.156404,0.172355
31105,19155.626387275046,28018.696639,0.863732
31108,18574.315581274368,25963.357233,0.8611325000000001
31144,7256.464905511341,13955.733207,0.9074255
31167,4659.689985372288,9562.339903,0.5897255
31171,9527.67460800528,44882.582476,0.9680985000000001
31172,24857.951584389844,47443.275391,0.7430675
31183,17842.97607698022,84251.47516,1.154654
31184,25168.926019111877,73788.73877499999,1.0354535
31192,9873.716779169115,43422.139062,0.649515
31193,8052.093317970928,66260.375224,1.077469
31198,35950.41886428947,77872.40525299999,1.0515925
31204,28409.66003900396,21512.593329,0.731212
31205,59458.159712569126,106737.180214,1.1714795
31206,135181.08303062123,113020.19601599999,1.3845475
31207,138805.5691542458,108911.53188299999,1.453484
31208,38466.350170105965,96387.808354,1.290692
31210,7838.5858187089,65399.305712,0.8380105
31211,2152.775227630593,22668.65876,0.485165
31212,6616.291562348127,60673.111292,0.9010739999999999
31213,6360.350795559277,61814.529987999995,0.9943855
31308,13727.135637523374,64813.619070999994,1.4176625
31310,6079.059861759144,28371.929236,0.659849
31311,16384.026740403584,69170.315329,1.560637
31312,3242.45775159397,25018.63729,0.748273
36079,13130.35486558107,21504.196505999997,0.669046
